Timestamp,Solar Radiation
2024-02-29 14:40:00,613.9
2024-02-29 14:50:00,250.9
2024-02-29 15:00:00,166.5
2024-02-29 15:10:00,710.9
2024-02-29 15:20:00,686.4
2024-02-29 15:30:00,102.6
2024-02-29 15:40:00,544.2
2024-02-29 15:50:00,435.5
2024-02-29 16:00:00,140.9
2024-02-29 16:10:00,145.4
2024-02-29 16:20:00,333.6
2024-02-29 16:30:00,118.4
2024-02-29 16:40:00,144.5
2024-02-29 16:50:00,97.8
2024-02-29 17:00:00,112.3
2024-02-29 17:10:00,94.2
2024-02-29 17:20:00,117.4
2024-02-29 17:30:00,55.49
2024-02-29 17:40:00,43.41
2024-02-29 17:50:00,52.23
2024-02-29 18:00:00,23.85
2024-02-29 18:10:00,15.6
2024-02-29 18:20:00,8.36
2024-02-29 18:30:00,4.377
2024-02-29 18:40:00,1.902
2024-02-29 18:50:00,0.418
2024-02-29 19:00:00,0.016
2024-02-29 19:10:00,0.001
2024-02-29 19:20:00,0.0
2024-02-29 19:30:00,0.0
2024-02-29 19:40:00,0.0
2024-02-29 19:50:00,0.0
2024-02-29 20:00:00,0.0
2024-02-29 20:10:00,0.0
2024-02-29 20:20:00,0.0
2024-02-29 20:30:00,0.0
2024-02-29 20:40:00,0.0
2024-02-29 20:50:00,0.0
2024-02-29 21:00:00,0.0
2024-02-29 21:10:00,0.0
2024-02-29 21:20:00,0.0
2024-02-29 21:30:00,0.0
2024-02-29 21:40:00,0.0
2024-02-29 21:50:00,0.0
2024-02-29 22:00:00,0.0
2024-02-29 22:10:00,0.0
2024-02-29 22:20:00,0.0
2024-02-29 22:30:00,0.0
2024-02-29 22:40:00,0.0
2024-02-29 22:50:00,0.0
2024-02-29 23:00:00,0.0
2024-02-29 23:10:00,0.0
2024-02-29 23:20:00,0.0
2024-02-29 23:30:00,0.0
2024-02-29 23:40:00,0.0
2024-02-29 23:50:00,0.0
2024-03-01 00:00:00,0.0
2024-03-01 00:10:00,0.0
2024-03-01 00:20:00,0.0
2024-03-01 00:30:00,0.0
2024-03-01 00:40:00,0.0
2024-03-01 00:50:00,0.0
2024-03-01 01:00:00,0.0
2024-03-01 01:10:00,0.0
2024-03-01 01:20:00,0.0
2024-03-01 01:30:00,0.0
2024-03-01 01:40:00,0.0
2024-03-01 01:50:00,0.0
2024-03-01 02:00:00,0.0
2024-03-01 02:10:00,0.0
2024-03-01 02:20:00,0.0
2024-03-01 02:30:00,0.0
2024-03-01 02:40:00,0.0
2024-03-01 02:50:00,0.0
2024-03-01 03:00:00,0.0
2024-03-01 03:10:00,0.0
2024-03-01 03:20:00,0.0
2024-03-01 03:30:00,0.0
2024-03-01 03:40:00,0.0
2024-03-01 03:50:00,0.0
2024-03-01 04:00:00,0.0
2024-03-01 04:10:00,0.0
2024-03-01 04:20:00,0.0
2024-03-01 04:30:00,0.0
2024-03-01 04:40:00,0.0
2024-03-01 04:50:00,0.0
2024-03-01 05:00:00,0.0
2024-03-01 05:10:00,0.0
2024-03-01 05:20:00,0.0
2024-03-01 05:30:00,0.004
2024-03-01 05:40:00,0.094
2024-03-01 05:50:00,0.775
2024-03-01 06:00:00,2.782
2024-03-01 06:10:00,10.52
2024-03-01 06:20:00,17.74
2024-03-01 06:30:00,29.56
2024-03-01 06:40:00,63.73
2024-03-01 06:50:00,87.5
2024-03-01 07:00:00,119.2
2024-03-01 07:10:00,146.3
2024-03-01 07:20:00,180.1
2024-03-01 07:30:00,213.5
2024-03-01 07:40:00,243.6
2024-03-01 07:50:00,287.3
2024-03-01 08:00:00,312.8
2024-03-01 08:10:00,363.2
2024-03-01 08:20:00,401.1
2024-03-01 08:30:00,441.9
2024-03-01 08:40:00,471.2
2024-03-01 08:50:00,502.5
2024-03-01 09:00:00,538.1
2024-03-01 09:10:00,577.2
2024-03-01 09:20:00,573.5
2024-03-01 09:30:00,646.6
2024-03-01 09:40:00,683.0
2024-03-01 09:50:00,603.3
2024-03-01 10:00:00,750.6
2024-03-01 10:10:00,775.1
2024-03-01 10:20:00,813.0
2024-03-01 10:30:00,829.0
2024-03-01 10:40:00,863.0
2024-03-01 10:50:00,898.0
2024-03-01 11:00:00,925.0
2024-03-01 11:10:00,819.0
2024-03-01 11:20:00,945.0
2024-03-01 11:30:00,931.0
2024-03-01 11:40:00,631.6
2024-03-01 11:50:00,895.0
2024-03-01 12:00:00,779.1
2024-03-01 12:10:00,931.0
2024-03-01 12:20:00,378.5
2024-03-01 12:30:00,1012.0
2024-03-01 12:40:00,1105.0
2024-03-01 12:50:00,377.8
2024-03-01 13:00:00,344.0
2024-03-01 13:10:00,836.0
2024-03-01 13:20:00,531.0
2024-03-01 13:30:00,948.0
2024-03-01 13:40:00,945.0
2024-03-01 13:50:00,245.7
2024-03-01 14:00:00,224.8
2024-03-01 14:10:00,905.0
2024-03-01 14:20:00,285.2
2024-03-01 14:30:00,207.9
2024-03-01 14:40:00,789.5
2024-03-01 14:50:00,722.3
2024-03-01 15:00:00,601.4
2024-03-01 15:10:00,200.7
2024-03-01 15:20:00,619.8
2024-03-01 15:30:00,133.6
2024-03-01 15:40:00,548.3
2024-03-01 15:50:00,271.4
2024-03-01 16:00:00,145.0
2024-03-01 16:10:00,301.2
2024-03-01 16:20:00,341.4
2024-03-01 16:30:00,68.28
2024-03-01 16:40:00,48.92
2024-03-01 16:50:00,50.0
2024-03-01 17:00:00,52.51
2024-03-01 17:10:00,49.21
2024-03-01 17:20:00,46.41
2024-03-01 17:30:00,75.66
2024-03-01 17:40:00,79.22
2024-03-01 17:50:00,71.23
2024-03-01 18:00:00,52.49
2024-03-01 18:10:00,35.68
2024-03-01 18:20:00,14.47
2024-03-01 18:30:00,3.994
2024-03-01 18:40:00,1.616
2024-03-01 18:50:00,0.258
2024-03-01 19:00:00,0.017
2024-03-01 19:10:00,0.0
2024-03-01 19:20:00,0.0
2024-03-01 19:30:00,0.0
2024-03-01 19:40:00,0.001
2024-03-01 19:50:00,0.0
2024-03-01 20:00:00,0.0
2024-03-01 20:10:00,0.0
2024-03-01 20:20:00,0.001
2024-03-01 20:30:00,0.0
2024-03-01 20:40:00,0.0
2024-03-01 20:50:00,0.0
2024-03-01 21:00:00,0.0
2024-03-01 21:10:00,0.0
2024-03-01 21:20:00,0.0
2024-03-01 21:30:00,0.0
2024-03-01 21:40:00,0.0
2024-03-01 21:50:00,0.0
2024-03-01 22:00:00,0.0
2024-03-01 22:10:00,0.0
2024-03-01 22:20:00,0.0
2024-03-01 22:30:00,0.0
2024-03-01 22:40:00,0.0
2024-03-01 22:50:00,0.0
2024-03-01 23:00:00,0.0
2024-03-01 23:10:00,0.0
2024-03-01 23:20:00,0.0
2024-03-01 23:30:00,0.0
2024-03-01 23:40:00,0.0
2024-03-01 23:50:00,0.0
2024-03-02 00:00:00,0.0
2024-03-02 00:10:00,0.0
2024-03-02 00:20:00,0.0
2024-03-02 00:30:00,0.0
2024-03-02 00:40:00,0.0
2024-03-02 00:50:00,0.0
2024-03-02 01:00:00,0.0
2024-03-02 01:10:00,0.0
2024-03-02 01:20:00,0.0
2024-03-02 01:30:00,0.0
2024-03-02 01:40:00,0.0
2024-03-02 01:50:00,0.0
2024-03-02 02:00:00,0.0
2024-03-02 02:10:00,0.0
2024-03-02 02:20:00,0.0
2024-03-02 02:30:00,0.0
2024-03-02 02:40:00,0.0
2024-03-02 02:50:00,0.0
2024-03-02 03:00:00,0.0
2024-03-02 03:10:00,0.0
2024-03-02 03:20:00,0.0
2024-03-02 03:30:00,0.0
2024-03-02 03:40:00,0.0
2024-03-02 03:50:00,0.0
2024-03-02 04:00:00,0.0
2024-03-02 04:10:00,0.0
2024-03-02 04:20:00,0.0
2024-03-02 04:30:00,0.0
2024-03-02 04:40:00,0.0
2024-03-02 04:50:00,0.0
2024-03-02 05:00:00,0.0
2024-03-02 05:10:00,0.0
2024-03-02 05:20:00,0.0
2024-03-02 05:30:00,0.002
2024-03-02 05:40:00,0.049
2024-03-02 05:50:00,0.603
2024-03-02 06:00:00,2.08
2024-03-02 06:10:00,7.631
2024-03-02 06:20:00,14.68
2024-03-02 06:30:00,22.64
2024-03-02 06:40:00,67.58
2024-03-02 06:50:00,94.5
2024-03-02 07:00:00,126.8
2024-03-02 07:10:00,160.7
2024-03-02 07:20:00,201.6
2024-03-02 07:30:00,233.0
2024-03-02 07:40:00,263.1
2024-03-02 07:50:00,304.0
2024-03-02 08:00:00,341.5
2024-03-02 08:10:00,371.4
2024-03-02 08:20:00,421.0
2024-03-02 08:30:00,462.4
2024-03-02 08:40:00,480.2
2024-03-02 08:50:00,531.5
2024-03-02 09:00:00,572.7
2024-03-02 09:10:00,598.3
2024-03-02 09:20:00,635.7
2024-03-02 09:30:00,664.8
2024-03-02 09:40:00,699.0
2024-03-02 09:50:00,726.2
2024-03-02 10:00:00,756.4
2024-03-02 10:10:00,781.9
2024-03-02 10:20:00,807.0
2024-03-02 10:30:00,838.0
2024-03-02 10:40:00,864.0
2024-03-02 10:50:00,887.0
2024-03-02 11:00:00,892.0
2024-03-02 11:10:00,913.0
2024-03-02 11:20:00,923.0
2024-03-02 11:30:00,932.0
2024-03-02 11:40:00,949.0
2024-03-02 11:50:00,948.0
2024-03-02 12:00:00,961.0
2024-03-02 12:10:00,965.0
2024-03-02 12:20:00,963.0
2024-03-02 12:30:00,962.0
2024-03-02 12:40:00,962.0
2024-03-02 12:50:00,952.0
2024-03-02 13:00:00,943.0
2024-03-02 13:10:00,938.0
2024-03-02 13:20:00,920.0
2024-03-02 13:30:00,908.0
2024-03-02 13:40:00,893.0
2024-03-02 13:50:00,855.0
2024-03-02 14:00:00,843.0
2024-03-02 14:10:00,820.0
2024-03-02 14:20:00,796.4
2024-03-02 14:30:00,772.0
2024-03-02 14:40:00,733.4
2024-03-02 14:50:00,689.4
2024-03-02 15:00:00,676.3
2024-03-02 15:10:00,644.3
2024-03-02 15:20:00,618.1
2024-03-02 15:30:00,575.0
2024-03-02 15:40:00,551.4
2024-03-02 15:50:00,508.6
2024-03-02 16:00:00,482.3
2024-03-02 16:10:00,433.1
2024-03-02 16:20:00,406.0
2024-03-02 16:30:00,360.1
2024-03-02 16:40:00,80.7
2024-03-02 16:50:00,102.0
2024-03-02 17:00:00,164.5
2024-03-02 17:10:00,66.44
2024-03-02 17:20:00,38.88
2024-03-02 17:30:00,22.64
2024-03-02 17:40:00,16.25
2024-03-02 17:50:00,8.94
2024-03-02 18:00:00,1.404
2024-03-02 18:10:00,0.863
2024-03-02 18:20:00,0.615
2024-03-02 18:30:00,0.675
2024-03-02 18:40:00,0.13
2024-03-02 18:50:00,0.044
2024-03-02 19:00:00,0.004
2024-03-02 19:10:00,0.0
2024-03-02 19:20:00,0.0
2024-03-02 19:30:00,0.0
2024-03-02 19:40:00,0.0
2024-03-02 19:50:00,0.0
2024-03-02 20:00:00,0.0
2024-03-02 20:10:00,0.0
2024-03-02 20:20:00,0.0
2024-03-02 20:30:00,0.0
2024-03-02 20:40:00,0.0
2024-03-02 20:50:00,0.0
2024-03-02 21:00:00,0.0
2024-03-02 21:10:00,0.0
2024-03-02 21:20:00,0.0
2024-03-02 21:30:00,0.0
2024-03-02 21:40:00,0.0
2024-03-02 21:50:00,0.0
2024-03-02 22:00:00,0.002
2024-03-02 22:10:00,0.0
2024-03-02 22:20:00,0.001
2024-03-02 22:30:00,0.002
2024-03-02 22:40:00,0.0
2024-03-02 22:50:00,0.0
2024-03-02 23:00:00,0.0
2024-03-02 23:10:00,0.0
2024-03-02 23:20:00,0.0
2024-03-02 23:30:00,0.0
2024-03-02 23:40:00,0.0
2024-03-02 23:50:00,0.0
2024-03-03 00:00:00,0.0
2024-03-03 00:10:00,0.001
2024-03-03 00:20:00,0.0
2024-03-03 00:30:00,0.0
2024-03-03 00:40:00,0.0
2024-03-03 00:50:00,0.0
2024-03-03 01:00:00,0.0
2024-03-03 01:10:00,0.0
2024-03-03 01:20:00,0.0
2024-03-03 01:30:00,0.0
2024-03-03 01:40:00,0.0
2024-03-03 01:50:00,0.0
2024-03-03 02:00:00,0.0
2024-03-03 02:10:00,0.0
2024-03-03 02:20:00,0.0
2024-03-03 02:30:00,0.0
2024-03-03 02:40:00,0.0
2024-03-03 02:50:00,0.0
2024-03-03 03:00:00,0.0
2024-03-03 03:10:00,0.0
2024-03-03 03:20:00,0.0
2024-03-03 03:30:00,0.0
2024-03-03 03:40:00,0.0
2024-03-03 03:50:00,0.0
2024-03-03 04:00:00,0.0
2024-03-03 04:10:00,0.0
2024-03-03 04:20:00,0.0
2024-03-03 04:30:00,0.0
2024-03-03 04:40:00,0.0
2024-03-03 04:50:00,0.0
2024-03-03 05:00:00,0.0
2024-03-03 05:10:00,0.001
2024-03-03 05:20:00,0.0
2024-03-03 05:30:00,0.006
2024-03-03 05:40:00,0.051
2024-03-03 05:50:00,0.573
2024-03-03 06:00:00,2.438
2024-03-03 06:10:00,6.615
2024-03-03 06:20:00,12.87
2024-03-03 06:30:00,19.42
2024-03-03 06:40:00,71.72
2024-03-03 06:50:00,101.7
2024-03-03 07:00:00,133.2
2024-03-03 07:10:00,167.4
2024-03-03 07:20:00,203.2
2024-03-03 07:30:00,240.6
2024-03-03 07:40:00,279.5
2024-03-03 07:50:00,316.9
2024-03-03 08:00:00,354.3
2024-03-03 08:10:00,392.8
2024-03-03 08:20:00,428.4
2024-03-03 08:30:00,465.1
2024-03-03 08:40:00,502.4
2024-03-03 08:50:00,537.7
2024-03-03 09:00:00,570.4
2024-03-03 09:10:00,608.1
2024-03-03 09:20:00,641.3
2024-03-03 09:30:00,673.0
2024-03-03 09:40:00,704.7
2024-03-03 09:50:00,730.7
2024-03-03 10:00:00,765.7
2024-03-03 10:10:00,788.0
2024-03-03 10:20:00,812.0
2024-03-03 10:30:00,834.0
2024-03-03 10:40:00,861.0
2024-03-03 10:50:00,880.0
2024-03-03 11:00:00,883.0
2024-03-03 11:10:00,913.0
2024-03-03 11:20:00,921.0
2024-03-03 11:30:00,932.0
2024-03-03 11:40:00,944.0
2024-03-03 11:50:00,948.0
2024-03-03 12:00:00,963.0
2024-03-03 12:10:00,970.0
2024-03-03 12:20:00,958.0
2024-03-03 12:30:00,976.0
2024-03-03 12:40:00,961.0
2024-03-03 12:50:00,961.0
2024-03-03 13:00:00,954.0
2024-03-03 13:10:00,936.0
2024-03-03 13:20:00,942.0
2024-03-03 13:30:00,979.0
2024-03-03 13:40:00,978.0
2024-03-03 13:50:00,925.0
2024-03-03 14:00:00,178.1
2024-03-03 14:10:00,190.2
2024-03-03 14:20:00,862.0
2024-03-03 14:30:00,158.7
2024-03-03 14:40:00,126.2
2024-03-03 14:50:00,789.3
2024-03-03 15:00:00,747.5
2024-03-03 15:10:00,699.9
2024-03-03 15:20:00,710.2
2024-03-03 15:30:00,128.8
2024-03-03 15:40:00,124.1
2024-03-03 15:50:00,88.3
2024-03-03 16:00:00,81.4
2024-03-03 16:10:00,454.0
2024-03-03 16:20:00,401.2
2024-03-03 16:30:00,370.4
2024-03-03 16:40:00,72.8
2024-03-03 16:50:00,66.68
2024-03-03 17:00:00,253.0
2024-03-03 17:10:00,149.0
2024-03-03 17:20:00,177.6
2024-03-03 17:30:00,132.8
2024-03-03 17:40:00,35.02
2024-03-03 17:50:00,78.56
2024-03-03 18:00:00,23.18
2024-03-03 18:10:00,16.74
2024-03-03 18:20:00,10.04
2024-03-03 18:30:00,4.577
2024-03-03 18:40:00,1.272
2024-03-03 18:50:00,0.164
2024-03-03 19:00:00,0.011
2024-03-03 19:10:00,0.0
2024-03-03 19:20:00,0.0
2024-03-03 19:30:00,0.0
2024-03-03 19:40:00,0.001
2024-03-03 19:50:00,0.0
2024-03-03 20:00:00,0.002
2024-03-03 20:10:00,0.001
2024-03-03 20:20:00,0.0
2024-03-03 20:30:00,0.0
2024-03-03 20:40:00,0.0
2024-03-03 20:50:00,0.0
2024-03-03 21:00:00,0.0
2024-03-03 21:10:00,0.0
2024-03-03 21:20:00,0.0
2024-03-03 21:30:00,0.0
2024-03-03 21:40:00,0.0
2024-03-03 21:50:00,0.0
2024-03-03 22:00:00,0.0
2024-03-03 22:10:00,0.0
2024-03-03 22:20:00,0.0
2024-03-03 22:30:00,0.001
2024-03-03 22:40:00,0.001
2024-03-03 22:50:00,0.0
2024-03-03 23:00:00,0.0
2024-03-03 23:10:00,0.0
2024-03-03 23:20:00,0.0
2024-03-03 23:30:00,0.0
2024-03-03 23:40:00,0.0
2024-03-03 23:50:00,0.0
2024-03-04 00:00:00,0.0
2024-03-04 00:10:00,0.0
2024-03-04 00:20:00,0.001
2024-03-04 00:30:00,0.0
2024-03-04 00:40:00,0.0
2024-03-04 00:50:00,0.0
2024-03-04 01:00:00,0.005
2024-03-04 01:10:00,0.0
2024-03-04 01:20:00,0.0
2024-03-04 01:30:00,0.0
2024-03-04 01:40:00,0.0
2024-03-04 01:50:00,0.0
2024-03-04 02:00:00,0.004
2024-03-04 02:10:00,0.0
2024-03-04 02:20:00,0.0
2024-03-04 02:30:00,0.002
2024-03-04 02:40:00,0.0
2024-03-04 02:50:00,0.0
2024-03-04 03:00:00,0.0
2024-03-04 03:10:00,0.0
2024-03-04 03:20:00,0.0
2024-03-04 03:30:00,0.0
2024-03-04 03:40:00,0.0
2024-03-04 03:50:00,0.0
2024-03-04 04:00:00,0.0
2024-03-04 04:10:00,0.0
2024-03-04 04:20:00,0.0
2024-03-04 04:30:00,0.0
2024-03-04 04:40:00,0.001
2024-03-04 04:50:00,0.0
2024-03-04 05:00:00,0.0
2024-03-04 05:10:00,0.0
2024-03-04 05:20:00,0.0
2024-03-04 05:30:00,0.002
2024-03-04 05:40:00,0.036
2024-03-04 05:50:00,0.498
2024-03-04 06:00:00,1.963
2024-03-04 06:10:00,6.69
2024-03-04 06:20:00,15.53
2024-03-04 06:30:00,19.79
2024-03-04 06:40:00,19.08
2024-03-04 06:50:00,27.76
2024-03-04 07:00:00,41.55
2024-03-04 07:10:00,86.4
2024-03-04 07:20:00,192.2
2024-03-04 07:30:00,264.3
2024-03-04 07:40:00,339.6
2024-03-04 07:50:00,389.3
2024-03-04 08:00:00,373.2
2024-03-04 08:10:00,394.8
2024-03-04 08:20:00,440.7
2024-03-04 08:30:00,511.6
2024-03-04 08:40:00,570.1
2024-03-04 08:50:00,607.1
2024-03-04 09:00:00,670.7
2024-03-04 09:10:00,686.8
2024-03-04 09:20:00,719.0
2024-03-04 09:30:00,780.8
2024-03-04 09:40:00,723.5
2024-03-04 09:50:00,555.0
2024-03-04 10:00:00,877.0
2024-03-04 10:10:00,876.0
2024-03-04 10:20:00,789.2
2024-03-04 10:30:00,871.0
2024-03-04 10:40:00,873.0
2024-03-04 10:50:00,862.0
2024-03-04 11:00:00,875.0
2024-03-04 11:10:00,896.0
2024-03-04 11:20:00,906.0
2024-03-04 11:30:00,923.0
2024-03-04 11:40:00,901.0
2024-03-04 11:50:00,926.0
2024-03-04 12:00:00,916.0
2024-03-04 12:10:00,938.0
2024-03-04 12:20:00,924.0
2024-03-04 12:30:00,1011.0
2024-03-04 12:40:00,1050.0
2024-03-04 12:50:00,506.2
2024-03-04 13:00:00,618.1
2024-03-04 13:10:00,1018.0
2024-03-04 13:20:00,890.0
2024-03-04 13:30:00,883.0
2024-03-04 13:40:00,866.0
2024-03-04 13:50:00,847.0
2024-03-04 14:00:00,814.0
2024-03-04 14:10:00,813.0
2024-03-04 14:20:00,795.8
2024-03-04 14:30:00,755.3
2024-03-04 14:40:00,737.3
2024-03-04 14:50:00,711.8
2024-03-04 15:00:00,676.0
2024-03-04 15:10:00,272.6
2024-03-04 15:20:00,622.3
2024-03-04 15:30:00,577.3
2024-03-04 15:40:00,551.6
2024-03-04 15:50:00,512.7
2024-03-04 16:00:00,474.6
2024-03-04 16:10:00,442.8
2024-03-04 16:20:00,388.2
2024-03-04 16:30:00,80.3
2024-03-04 16:40:00,89.7
2024-03-04 16:50:00,74.82
2024-03-04 17:00:00,52.3
2024-03-04 17:10:00,45.31
2024-03-04 17:20:00,151.6
2024-03-04 17:30:00,36.43
2024-03-04 17:40:00,47.52
2024-03-04 17:50:00,67.29
2024-03-04 18:00:00,13.9
2024-03-04 18:10:00,7.491
2024-03-04 18:20:00,5.395
2024-03-04 18:30:00,2.756
2024-03-04 18:40:00,1.038
2024-03-04 18:50:00,0.12
2024-03-04 19:00:00,0.007
2024-03-04 19:10:00,0.0
2024-03-04 19:20:00,0.0
2024-03-04 19:30:00,0.0
2024-03-04 19:40:00,0.0
2024-03-04 19:50:00,0.0
2024-03-04 20:00:00,0.0
2024-03-04 20:10:00,0.0
2024-03-04 20:20:00,0.0
2024-03-04 20:30:00,0.0
2024-03-04 20:40:00,0.0
2024-03-04 20:50:00,0.0
2024-03-04 21:00:00,0.0
2024-03-04 21:10:00,0.0
2024-03-04 21:20:00,0.0
2024-03-04 21:30:00,0.0
2024-03-04 21:40:00,0.0
2024-03-04 21:50:00,0.0
2024-03-04 22:00:00,0.0
2024-03-04 22:10:00,0.0
2024-03-04 22:20:00,0.0
2024-03-04 22:30:00,0.0
2024-03-04 22:40:00,0.0
2024-03-04 22:50:00,0.0
2024-03-04 23:00:00,0.0
2024-03-04 23:10:00,0.0
2024-03-04 23:20:00,0.0
2024-03-04 23:30:00,0.0
2024-03-04 23:40:00,0.0
2024-03-04 23:50:00,0.0
2024-03-05 00:00:00,0.0
2024-03-05 00:10:00,0.0
2024-03-05 00:20:00,0.0
2024-03-05 00:30:00,0.0
2024-03-05 00:40:00,0.0
2024-03-05 00:50:00,0.0
2024-03-05 01:00:00,0.0
2024-03-05 01:10:00,0.0
2024-03-05 01:20:00,0.0
2024-03-05 01:30:00,0.0
2024-03-05 01:40:00,0.0
2024-03-05 01:50:00,0.0
2024-03-05 02:00:00,0.0
2024-03-05 02:10:00,0.0
2024-03-05 02:20:00,0.0
2024-03-05 02:30:00,0.0
2024-03-05 02:40:00,0.0
2024-03-05 02:50:00,0.0
2024-03-05 03:00:00,0.0
2024-03-05 03:10:00,0.0
2024-03-05 03:20:00,0.0
2024-03-05 03:30:00,0.0
2024-03-05 03:40:00,0.0
2024-03-05 03:50:00,0.0
2024-03-05 04:00:00,0.0
2024-03-05 04:10:00,0.0
2024-03-05 04:20:00,0.0
2024-03-05 04:30:00,0.0
2024-03-05 04:40:00,0.0
2024-03-05 04:50:00,0.0
2024-03-05 05:00:00,0.0
2024-03-05 05:10:00,0.0
2024-03-05 05:20:00,0.0
2024-03-05 05:30:00,0.0
2024-03-05 05:40:00,0.033
2024-03-05 05:50:00,0.428
2024-03-05 06:00:00,1.368
2024-03-05 06:10:00,3.514
2024-03-05 06:20:00,10.63
2024-03-05 06:30:00,15.61
2024-03-05 06:40:00,48.17
2024-03-05 06:50:00,35.13
2024-03-05 07:00:00,51.02
2024-03-05 07:10:00,63.05
2024-03-05 07:20:00,78.71
2024-03-05 07:30:00,94.2
2024-03-05 07:40:00,111.5
2024-03-05 07:50:00,69.56
2024-03-05 08:00:00,109.3
2024-03-05 08:10:00,466.2
2024-03-05 08:20:00,132.4
2024-03-05 08:30:00,475.1
2024-03-05 08:40:00,417.6
2024-03-05 08:50:00,540.6
2024-03-05 09:00:00,564.0
2024-03-05 09:10:00,591.7
2024-03-05 09:20:00,625.9
2024-03-05 09:30:00,657.9
2024-03-05 09:40:00,699.3
2024-03-05 09:50:00,731.0
2024-03-05 10:00:00,733.3
2024-03-05 10:10:00,758.1
2024-03-05 10:20:00,795.1
2024-03-05 10:30:00,812.0
2024-03-05 10:40:00,841.0
2024-03-05 10:50:00,866.0
2024-03-05 11:00:00,879.0
2024-03-05 11:10:00,893.0
2024-03-05 11:20:00,904.0
2024-03-05 11:30:00,921.0
2024-03-05 11:40:00,933.0
2024-03-05 11:50:00,939.0
2024-03-05 12:00:00,941.0
2024-03-05 12:10:00,944.0
2024-03-05 12:20:00,954.0
2024-03-05 12:30:00,949.0
2024-03-05 12:40:00,941.0
2024-03-05 12:50:00,935.0
2024-03-05 13:00:00,935.0
2024-03-05 13:10:00,936.0
2024-03-05 13:20:00,913.0
2024-03-05 13:30:00,907.0
2024-03-05 13:40:00,885.0
2024-03-05 13:50:00,908.0
2024-03-05 14:00:00,918.0
2024-03-05 14:10:00,726.8
2024-03-05 14:20:00,790.9
2024-03-05 14:30:00,156.5
2024-03-05 14:40:00,779.2
2024-03-05 14:50:00,756.9
2024-03-05 15:00:00,782.9
2024-03-05 15:10:00,685.6
2024-03-05 15:20:00,129.9
2024-03-05 15:30:00,115.6
2024-03-05 15:40:00,627.3
2024-03-05 15:50:00,113.9
2024-03-05 16:00:00,551.5
2024-03-05 16:10:00,253.3
2024-03-05 16:20:00,78.96
2024-03-05 16:30:00,195.9
2024-03-05 16:40:00,110.3
2024-03-05 16:50:00,57.45
2024-03-05 17:00:00,94.7
2024-03-05 17:10:00,75.43
2024-03-05 17:20:00,35.75
2024-03-05 17:30:00,57.33
2024-03-05 17:40:00,102.8
2024-03-05 17:50:00,75.88
2024-03-05 18:00:00,16.64
2024-03-05 18:10:00,10.01
2024-03-05 18:20:00,4.163
2024-03-05 18:30:00,1.334
2024-03-05 18:40:00,0.102
2024-03-05 18:50:00,0.015
2024-03-05 19:00:00,0.005
2024-03-05 19:10:00,0.0
2024-03-05 19:20:00,0.0
2024-03-05 19:30:00,0.0
2024-03-05 19:40:00,0.0
2024-03-05 19:50:00,0.0
2024-03-05 20:00:00,0.0
2024-03-05 20:10:00,0.0
2024-03-05 20:20:00,0.0
2024-03-05 20:30:00,0.0
2024-03-05 20:40:00,0.0
2024-03-05 20:50:00,0.0
2024-03-05 21:00:00,0.0
2024-03-05 21:10:00,0.0
2024-03-05 21:20:00,0.001
2024-03-05 21:30:00,0.0
2024-03-05 21:40:00,0.0
2024-03-05 21:50:00,0.0
2024-03-05 22:00:00,0.0
2024-03-05 22:10:00,0.0
2024-03-05 22:20:00,0.0
2024-03-05 22:30:00,0.0
2024-03-05 22:40:00,0.0
2024-03-05 22:50:00,0.0
2024-03-05 23:00:00,0.0
2024-03-05 23:10:00,0.0
2024-03-05 23:20:00,0.0
2024-03-05 23:30:00,0.0
2024-03-05 23:40:00,0.0
2024-03-05 23:50:00,0.0
2024-03-06 00:00:00,0.0
2024-03-06 00:10:00,0.0
2024-03-06 00:20:00,0.0
2024-03-06 00:30:00,0.0
2024-03-06 00:40:00,0.0
2024-03-06 00:50:00,0.0
2024-03-06 01:00:00,0.0
2024-03-06 01:10:00,0.0
2024-03-06 01:20:00,0.0
2024-03-06 01:30:00,0.0
2024-03-06 01:40:00,0.0
2024-03-06 01:50:00,0.0
2024-03-06 02:00:00,0.0
2024-03-06 02:10:00,0.0
2024-03-06 02:20:00,0.0
2024-03-06 02:30:00,0.0
2024-03-06 02:40:00,0.001
2024-03-06 02:50:00,0.0
2024-03-06 03:00:00,0.0
2024-03-06 03:10:00,0.0
2024-03-06 03:20:00,0.0
2024-03-06 03:30:00,0.0
2024-03-06 03:40:00,0.0
2024-03-06 03:50:00,0.0
2024-03-06 04:00:00,0.0
2024-03-06 04:10:00,0.0
2024-03-06 04:20:00,0.0
2024-03-06 04:30:00,0.0
2024-03-06 04:40:00,0.0
2024-03-06 04:50:00,0.0
2024-03-06 05:00:00,0.0
2024-03-06 05:10:00,0.0
2024-03-06 05:20:00,0.0
2024-03-06 05:30:00,0.0
2024-03-06 05:40:00,0.021
2024-03-06 05:50:00,0.404
2024-03-06 06:00:00,1.822
2024-03-06 06:10:00,5.852
2024-03-06 06:20:00,12.28
2024-03-06 06:30:00,19.25
2024-03-06 06:40:00,58.13
2024-03-06 06:50:00,91.4
2024-03-06 07:00:00,122.7
2024-03-06 07:10:00,156.9
2024-03-06 07:20:00,193.3
2024-03-06 07:30:00,231.2
2024-03-06 07:40:00,269.2
2024-03-06 07:50:00,309.8
2024-03-06 08:00:00,347.1
2024-03-06 08:10:00,392.9
2024-03-06 08:20:00,427.9
2024-03-06 08:30:00,464.9
2024-03-06 08:40:00,503.2
2024-03-06 08:50:00,535.2
2024-03-06 09:00:00,568.5
2024-03-06 09:10:00,607.9
2024-03-06 09:20:00,645.1
2024-03-06 09:30:00,674.9
2024-03-06 09:40:00,704.9
2024-03-06 09:50:00,733.8
2024-03-06 10:00:00,759.5
2024-03-06 10:10:00,785.7
2024-03-06 10:20:00,812.0
2024-03-06 10:30:00,839.0
2024-03-06 10:40:00,853.0
2024-03-06 10:50:00,880.0
2024-03-06 11:00:00,893.0
2024-03-06 11:10:00,914.0
2024-03-06 11:20:00,928.0
2024-03-06 11:30:00,940.0
2024-03-06 11:40:00,947.0
2024-03-06 11:50:00,953.0
2024-03-06 12:00:00,959.0
2024-03-06 12:10:00,960.0
2024-03-06 12:20:00,955.0
2024-03-06 12:30:00,957.0
2024-03-06 12:40:00,958.0
2024-03-06 12:50:00,946.0
2024-03-06 13:00:00,951.0
2024-03-06 13:10:00,945.0
2024-03-06 13:20:00,932.0
2024-03-06 13:30:00,926.0
2024-03-06 13:40:00,906.0
2024-03-06 13:50:00,914.0
2024-03-06 14:00:00,921.0
2024-03-06 14:10:00,301.6
2024-03-06 14:20:00,838.0
2024-03-06 14:30:00,830.0
2024-03-06 14:40:00,358.9
2024-03-06 14:50:00,823.0
2024-03-06 15:00:00,812.0
2024-03-06 15:10:00,769.0
2024-03-06 15:20:00,656.8
2024-03-06 15:30:00,165.8
2024-03-06 15:40:00,116.3
2024-03-06 15:50:00,235.1
2024-03-06 16:00:00,145.0
2024-03-06 16:10:00,91.9
2024-03-06 16:20:00,80.2
2024-03-06 16:30:00,383.4
2024-03-06 16:40:00,129.4
2024-03-06 16:50:00,81.5
2024-03-06 17:00:00,178.3
2024-03-06 17:10:00,34.61
2024-03-06 17:20:00,49.27
2024-03-06 17:30:00,51.33
2024-03-06 17:40:00,167.9
2024-03-06 17:50:00,158.6
2024-03-06 18:00:00,64.7
2024-03-06 18:10:00,35.28
2024-03-06 18:20:00,20.02
2024-03-06 18:30:00,11.24
2024-03-06 18:40:00,1.388
2024-03-06 18:50:00,0.129
2024-03-06 19:00:00,0.009
2024-03-06 19:10:00,0.0
2024-03-06 19:20:00,0.0
2024-03-06 19:30:00,0.0
2024-03-06 19:40:00,0.0
2024-03-06 19:50:00,0.002
2024-03-06 20:00:00,0.0
2024-03-06 20:10:00,0.0
2024-03-06 20:20:00,0.0
2024-03-06 20:30:00,0.0
2024-03-06 20:40:00,0.0
2024-03-06 20:50:00,0.0
2024-03-06 21:00:00,0.0
2024-03-06 21:10:00,0.0
2024-03-06 21:20:00,0.0
2024-03-06 21:30:00,0.0
2024-03-06 21:40:00,0.0
2024-03-06 21:50:00,0.0
2024-03-06 22:00:00,0.0
2024-03-06 22:10:00,0.001
2024-03-06 22:20:00,0.0
2024-03-06 22:30:00,0.0
2024-03-06 22:40:00,0.0
2024-03-06 22:50:00,0.0
2024-03-06 23:00:00,0.0
2024-03-06 23:10:00,0.0
2024-03-06 23:20:00,0.0
2024-03-06 23:30:00,0.0
2024-03-06 23:40:00,0.0
2024-03-06 23:50:00,0.0
2024-03-07 00:00:00,0.0
2024-03-07 00:10:00,0.0
2024-03-07 00:20:00,0.0
2024-03-07 00:30:00,0.0
2024-03-07 00:40:00,0.0
2024-03-07 00:50:00,0.0
2024-03-07 01:00:00,0.0
2024-03-07 01:10:00,0.0
2024-03-07 01:20:00,0.0
2024-03-07 01:30:00,0.0
2024-03-07 01:40:00,0.0
2024-03-07 01:50:00,0.0
2024-03-07 02:00:00,0.0
2024-03-07 02:10:00,0.0
2024-03-07 02:20:00,0.0
2024-03-07 02:30:00,0.0
2024-03-07 02:40:00,0.0
2024-03-07 02:50:00,0.0
2024-03-07 03:00:00,0.0
2024-03-07 03:10:00,0.0
2024-03-07 03:20:00,0.0
2024-03-07 03:30:00,0.0
2024-03-07 03:40:00,0.0
2024-03-07 03:50:00,0.0
2024-03-07 04:00:00,0.0
2024-03-07 04:10:00,0.0
2024-03-07 04:20:00,0.0
2024-03-07 04:30:00,0.0
2024-03-07 04:40:00,0.0
2024-03-07 04:50:00,0.0
2024-03-07 05:00:00,0.0
2024-03-07 05:10:00,0.0
2024-03-07 05:20:00,0.0
2024-03-07 05:30:00,0.0
2024-03-07 05:40:00,0.008
2024-03-07 05:50:00,0.178
2024-03-07 06:00:00,1.228
2024-03-07 06:10:00,7.49
2024-03-07 06:20:00,15.53
2024-03-07 06:30:00,27.62
2024-03-07 06:40:00,52.94
2024-03-07 06:50:00,142.0
2024-03-07 07:00:00,87.1
2024-03-07 07:10:00,93.0
2024-03-07 07:20:00,89.1
2024-03-07 07:30:00,137.5
2024-03-07 07:40:00,303.6
2024-03-07 07:50:00,160.9
2024-03-07 08:00:00,143.8
2024-03-07 08:10:00,151.8
2024-03-07 08:20:00,142.4
2024-03-07 08:30:00,168.8
2024-03-07 08:40:00,202.8
2024-03-07 08:50:00,234.8
2024-03-07 09:00:00,368.4
2024-03-07 09:10:00,315.8
2024-03-07 09:20:00,366.8
2024-03-07 09:30:00,327.4
2024-03-07 09:40:00,625.3
2024-03-07 09:50:00,696.4
2024-03-07 10:00:00,306.0
2024-03-07 10:10:00,318.2
2024-03-07 10:20:00,254.8
2024-03-07 10:30:00,283.5
2024-03-07 10:40:00,279.4
2024-03-07 10:50:00,320.7
2024-03-07 11:00:00,529.4
2024-03-07 11:10:00,290.3
2024-03-07 11:20:00,405.1
2024-03-07 11:30:00,362.5
2024-03-07 11:40:00,447.8
2024-03-07 11:50:00,405.3
2024-03-07 12:00:00,433.3
2024-03-07 12:10:00,447.4
2024-03-07 12:20:00,329.2
2024-03-07 12:30:00,304.0
2024-03-07 12:40:00,296.6
2024-03-07 12:50:00,265.6
2024-03-07 13:00:00,181.7
2024-03-07 13:10:00,277.5
2024-03-07 13:20:00,370.7
2024-03-07 13:30:00,1114.0
2024-03-07 13:40:00,993.0
2024-03-07 13:50:00,760.8
2024-03-07 14:00:00,487.1
2024-03-07 14:10:00,395.3
2024-03-07 14:20:00,255.3
2024-03-07 14:30:00,586.4
2024-03-07 14:40:00,199.5
2024-03-07 14:50:00,196.2
2024-03-07 15:00:00,277.9
2024-03-07 15:10:00,311.2
2024-03-07 15:20:00,186.8
2024-03-07 15:30:00,242.2
2024-03-07 15:40:00,627.8
2024-03-07 15:50:00,446.1
2024-03-07 16:00:00,224.0
2024-03-07 16:10:00,201.6
2024-03-07 16:20:00,176.2
2024-03-07 16:30:00,195.0
2024-03-07 16:40:00,120.9
2024-03-07 16:50:00,122.4
2024-03-07 17:00:00,143.8
2024-03-07 17:10:00,217.3
2024-03-07 17:20:00,121.4
2024-03-07 17:30:00,38.47
2024-03-07 17:40:00,110.9
2024-03-07 17:50:00,55.66
2024-03-07 18:00:00,26.68
2024-03-07 18:10:00,12.55
2024-03-07 18:20:00,3.507
2024-03-07 18:30:00,1.307
2024-03-07 18:40:00,0.385
2024-03-07 18:50:00,0.078
2024-03-07 19:00:00,0.004
2024-03-07 19:10:00,0.0
2024-03-07 19:20:00,0.0
2024-03-07 19:30:00,0.0
2024-03-07 19:40:00,0.001
2024-03-07 19:50:00,0.0
2024-03-07 20:00:00,0.0
2024-03-07 20:10:00,0.0
2024-03-07 20:20:00,0.0
2024-03-07 20:30:00,0.0
2024-03-07 20:40:00,0.0
2024-03-07 20:50:00,0.0
2024-03-07 21:00:00,0.0
2024-03-07 21:10:00,0.0
2024-03-07 21:20:00,0.0
2024-03-07 21:30:00,0.0
2024-03-07 21:40:00,0.0
2024-03-07 21:50:00,0.0
2024-03-07 22:00:00,0.0
2024-03-07 22:10:00,0.0
2024-03-07 22:20:00,0.0
2024-03-07 22:30:00,0.0
2024-03-07 22:40:00,0.0
2024-03-07 22:50:00,0.0
2024-03-07 23:00:00,0.0
2024-03-07 23:10:00,0.0
2024-03-07 23:20:00,0.0
2024-03-07 23:30:00,0.0
2024-03-07 23:40:00,0.0
2024-03-07 23:50:00,0.0
2024-03-08 00:00:00,0.0
2024-03-08 00:10:00,0.0
2024-03-08 00:20:00,0.0
2024-03-08 00:30:00,0.0
2024-03-08 00:40:00,0.0
2024-03-08 00:50:00,0.0
2024-03-08 01:00:00,0.0
2024-03-08 01:10:00,0.0
2024-03-08 01:20:00,0.0
2024-03-08 01:30:00,0.0
2024-03-08 01:40:00,0.017
2024-03-08 01:50:00,0.0
2024-03-08 02:00:00,0.0
2024-03-08 02:10:00,0.0
2024-03-08 02:20:00,0.0
2024-03-08 02:30:00,0.0
2024-03-08 02:40:00,0.0
2024-03-08 02:50:00,0.0
2024-03-08 03:00:00,0.0
2024-03-08 03:10:00,0.0
2024-03-08 03:20:00,0.0
2024-03-08 03:30:00,0.0
2024-03-08 03:40:00,0.0
2024-03-08 03:50:00,0.0
2024-03-08 04:00:00,0.001
2024-03-08 04:10:00,0.0
2024-03-08 04:20:00,0.0
2024-03-08 04:30:00,0.0
2024-03-08 04:40:00,0.0
2024-03-08 04:50:00,0.0
2024-03-08 05:00:00,0.0
2024-03-08 05:10:00,0.0
2024-03-08 05:20:00,0.0
2024-03-08 05:30:00,0.0
2024-03-08 05:40:00,0.007
2024-03-08 05:50:00,0.167
2024-03-08 06:00:00,1.409
2024-03-08 06:10:00,5.292
2024-03-08 06:20:00,11.33
2024-03-08 06:30:00,17.05
2024-03-08 06:40:00,34.34
2024-03-08 06:50:00,103.0
2024-03-08 07:00:00,134.8
2024-03-08 07:10:00,169.1
2024-03-08 07:20:00,204.6
2024-03-08 07:30:00,243.5
2024-03-08 07:40:00,282.6
2024-03-08 07:50:00,323.7
2024-03-08 08:00:00,361.4
2024-03-08 08:10:00,399.1
2024-03-08 08:20:00,434.1
2024-03-08 08:30:00,469.7
2024-03-08 08:40:00,509.6
2024-03-08 08:50:00,546.1
2024-03-08 09:00:00,575.8
2024-03-08 09:10:00,606.8
2024-03-08 09:20:00,642.6
2024-03-08 09:30:00,675.3
2024-03-08 09:40:00,705.8
2024-03-08 09:50:00,731.6
2024-03-08 10:00:00,759.0
2024-03-08 10:10:00,781.5
2024-03-08 10:20:00,812.0
2024-03-08 10:30:00,827.0
2024-03-08 10:40:00,853.0
2024-03-08 10:50:00,871.0
2024-03-08 11:00:00,888.0
2024-03-08 11:10:00,892.0
2024-03-08 11:20:00,917.0
2024-03-08 11:30:00,934.0
2024-03-08 11:40:00,570.4
2024-03-08 11:50:00,930.0
2024-03-08 12:00:00,951.0
2024-03-08 12:10:00,968.0
2024-03-08 12:20:00,982.0
2024-03-08 12:30:00,991.0
2024-03-08 12:40:00,1008.0
2024-03-08 12:50:00,450.7
2024-03-08 13:00:00,991.0
2024-03-08 13:10:00,1002.0
2024-03-08 13:20:00,184.7
2024-03-08 13:30:00,132.4
2024-03-08 13:40:00,951.0
2024-03-08 13:50:00,921.0
2024-03-08 14:00:00,863.0
2024-03-08 14:10:00,854.0
2024-03-08 14:20:00,835.0
2024-03-08 14:30:00,789.8
2024-03-08 14:40:00,770.6
2024-03-08 14:50:00,748.5
2024-03-08 15:00:00,718.0
2024-03-08 15:10:00,673.3
2024-03-08 15:20:00,669.4
2024-03-08 15:30:00,616.8
2024-03-08 15:40:00,564.0
2024-03-08 15:50:00,423.8
2024-03-08 16:00:00,519.6
2024-03-08 16:10:00,134.6
2024-03-08 16:20:00,99.2
2024-03-08 16:30:00,93.9
2024-03-08 16:40:00,77.83
2024-03-08 16:50:00,72.22
2024-03-08 17:00:00,69.86
2024-03-08 17:10:00,224.6
2024-03-08 17:20:00,39.69
2024-03-08 17:30:00,12.74
2024-03-08 17:40:00,67.38
2024-03-08 17:50:00,62.82
2024-03-08 18:00:00,23.32
2024-03-08 18:10:00,17.77
2024-03-08 18:20:00,9.67
2024-03-08 18:30:00,3.202
2024-03-08 18:40:00,0.867
2024-03-08 18:50:00,0.072
2024-03-08 19:00:00,0.001
2024-03-08 19:10:00,0.0
2024-03-08 19:20:00,0.0
2024-03-08 19:30:00,0.0
2024-03-08 19:40:00,0.0
2024-03-08 19:50:00,0.0
2024-03-08 20:00:00,0.001
2024-03-08 20:10:00,0.0
2024-03-08 20:20:00,0.0
2024-03-08 20:30:00,0.0
2024-03-08 20:40:00,0.0
2024-03-08 20:50:00,0.0
2024-03-08 21:00:00,0.002
2024-03-08 21:10:00,0.0
2024-03-08 21:20:00,0.004
2024-03-08 21:30:00,0.002
2024-03-08 21:40:00,0.0
2024-03-08 21:50:00,0.0
2024-03-08 22:00:00,0.001
2024-03-08 22:10:00,0.0
2024-03-08 22:20:00,0.0
2024-03-08 22:30:00,0.0
2024-03-08 22:40:00,0.0
2024-03-08 22:50:00,0.001
2024-03-08 23:00:00,0.0
2024-03-08 23:10:00,0.0
2024-03-08 23:20:00,0.0
2024-03-08 23:30:00,0.0
2024-03-08 23:40:00,0.001
2024-03-08 23:50:00,0.0
2024-03-09 00:00:00,0.0
2024-03-09 00:10:00,0.0
2024-03-09 00:20:00,0.0
2024-03-09 00:30:00,0.0
2024-03-09 00:40:00,0.0
2024-03-09 00:50:00,0.0
2024-03-09 01:00:00,0.0
2024-03-09 01:10:00,0.0
2024-03-09 01:20:00,0.0
2024-03-09 01:30:00,0.0
2024-03-09 01:40:00,0.0
2024-03-09 01:50:00,0.0
2024-03-09 02:00:00,0.0
2024-03-09 02:10:00,0.0
2024-03-09 02:20:00,0.0
2024-03-09 02:30:00,0.0
2024-03-09 02:40:00,0.0
2024-03-09 02:50:00,0.002
2024-03-09 03:00:00,0.0
2024-03-09 03:10:00,0.003
2024-03-09 03:20:00,0.0
2024-03-09 03:30:00,0.0
2024-03-09 03:40:00,0.0
2024-03-09 03:50:00,0.002
2024-03-09 04:00:00,0.0
2024-03-09 04:10:00,0.0
2024-03-09 04:20:00,0.001
2024-03-09 04:30:00,0.0
2024-03-09 04:40:00,0.0
2024-03-09 04:50:00,0.0
2024-03-09 05:00:00,0.0
2024-03-09 05:10:00,0.0
2024-03-09 05:20:00,0.0
2024-03-09 05:30:00,0.0
2024-03-09 05:40:00,0.018
2024-03-09 05:50:00,0.332
2024-03-09 06:00:00,1.669
2024-03-09 06:10:00,5.237
2024-03-09 06:20:00,11.5
2024-03-09 06:30:00,18.05
2024-03-09 06:40:00,26.79
2024-03-09 06:50:00,95.6
2024-03-09 07:00:00,125.2
2024-03-09 07:10:00,157.2
2024-03-09 07:20:00,193.1
2024-03-09 07:30:00,231.9
2024-03-09 07:40:00,272.7
2024-03-09 07:50:00,313.4
2024-03-09 08:00:00,349.4
2024-03-09 08:10:00,390.2
2024-03-09 08:20:00,424.3
2024-03-09 08:30:00,461.8
2024-03-09 08:40:00,498.9
2024-03-09 08:50:00,536.7
2024-03-09 09:00:00,569.7
2024-03-09 09:10:00,604.5
2024-03-09 09:20:00,637.0
2024-03-09 09:30:00,667.3
2024-03-09 09:40:00,699.0
2024-03-09 09:50:00,725.9
2024-03-09 10:00:00,753.2
2024-03-09 10:10:00,781.7
2024-03-09 10:20:00,811.0
2024-03-09 10:30:00,834.0
2024-03-09 10:40:00,854.0
2024-03-09 10:50:00,907.0
2024-03-09 11:00:00,892.0
2024-03-09 11:10:00,908.0
2024-03-09 11:20:00,885.0
2024-03-09 11:30:00,988.0
2024-03-09 11:40:00,941.0
2024-03-09 11:50:00,953.0
2024-03-09 12:00:00,988.0
2024-03-09 12:10:00,952.0
2024-03-09 12:20:00,974.0
2024-03-09 12:30:00,981.0
2024-03-09 12:40:00,966.0
2024-03-09 12:50:00,953.0
2024-03-09 13:00:00,118.8
2024-03-09 13:10:00,966.0
2024-03-09 13:20:00,828.0
2024-03-09 13:30:00,1021.0
2024-03-09 13:40:00,961.0
2024-03-09 13:50:00,909.0
2024-03-09 14:00:00,892.0
2024-03-09 14:10:00,889.0
2024-03-09 14:20:00,195.9
2024-03-09 14:30:00,115.1
2024-03-09 14:40:00,759.6
2024-03-09 14:50:00,743.2
2024-03-09 15:00:00,705.2
2024-03-09 15:10:00,660.1
2024-03-09 15:20:00,622.8
2024-03-09 15:30:00,585.3
2024-03-09 15:40:00,570.7
2024-03-09 15:50:00,544.8
2024-03-09 16:00:00,529.0
2024-03-09 16:10:00,202.7
2024-03-09 16:20:00,190.3
2024-03-09 16:30:00,163.9
2024-03-09 16:40:00,127.9
2024-03-09 16:50:00,186.3
2024-03-09 17:00:00,153.9
2024-03-09 17:10:00,126.2
2024-03-09 17:20:00,87.7
2024-03-09 17:30:00,83.7
2024-03-09 17:40:00,63.02
2024-03-09 17:50:00,29.93
2024-03-09 18:00:00,17.32
2024-03-09 18:10:00,9.33
2024-03-09 18:20:00,4.477
2024-03-09 18:30:00,1.948
2024-03-09 18:40:00,0.289
2024-03-09 18:50:00,0.044
2024-03-09 19:00:00,0.006
2024-03-09 19:10:00,0.0
2024-03-09 19:20:00,0.0
2024-03-09 19:30:00,0.0
2024-03-09 19:40:00,0.0
2024-03-09 19:50:00,0.0
2024-03-09 20:00:00,0.002
2024-03-09 20:10:00,0.0
2024-03-09 20:20:00,0.0
2024-03-09 20:30:00,0.0
2024-03-09 20:40:00,0.0
2024-03-09 20:50:00,0.0
2024-03-09 21:00:00,0.0
2024-03-09 21:10:00,0.0
2024-03-09 21:20:00,0.0
2024-03-09 21:30:00,0.0
2024-03-09 21:40:00,0.0
2024-03-09 21:50:00,0.0
2024-03-09 22:00:00,0.0
2024-03-09 22:10:00,0.0
2024-03-09 22:20:00,0.0
2024-03-09 22:30:00,0.001
2024-03-09 22:40:00,0.0
2024-03-09 22:50:00,0.0
2024-03-09 23:00:00,0.0
2024-03-09 23:10:00,0.0
2024-03-09 23:20:00,0.0
2024-03-09 23:30:00,0.001
2024-03-09 23:40:00,0.0
2024-03-09 23:50:00,0.0
2024-03-10 00:00:00,0.0
2024-03-10 00:10:00,0.0
2024-03-10 00:20:00,0.0
2024-03-10 00:30:00,0.0
2024-03-10 00:40:00,0.0
2024-03-10 00:50:00,0.0
2024-03-10 01:00:00,0.0
2024-03-10 01:10:00,0.0
2024-03-10 01:20:00,0.0
2024-03-10 01:30:00,0.0
2024-03-10 01:40:00,0.0
2024-03-10 01:50:00,0.0
2024-03-10 02:00:00,0.0
2024-03-10 02:10:00,0.0
2024-03-10 02:20:00,0.0
2024-03-10 02:30:00,0.0
2024-03-10 02:40:00,0.0
2024-03-10 02:50:00,0.0
2024-03-10 03:00:00,0.0
2024-03-10 03:10:00,0.0
2024-03-10 03:20:00,0.0
2024-03-10 03:30:00,0.0
2024-03-10 03:40:00,0.0
2024-03-10 03:50:00,0.0
2024-03-10 04:00:00,0.0
2024-03-10 04:10:00,0.0
2024-03-10 04:20:00,0.0
2024-03-10 04:30:00,0.0
2024-03-10 04:40:00,0.0
2024-03-10 04:50:00,0.0
2024-03-10 05:00:00,0.001
2024-03-10 05:10:00,0.0
2024-03-10 05:20:00,0.0
2024-03-10 05:30:00,0.003
2024-03-10 05:40:00,0.015
2024-03-10 05:50:00,0.302
2024-03-10 06:00:00,1.595
2024-03-10 06:10:00,5.044
2024-03-10 06:20:00,11.68
2024-03-10 06:30:00,18.66
2024-03-10 06:40:00,25.61
2024-03-10 06:50:00,87.1
2024-03-10 07:00:00,118.5
2024-03-10 07:10:00,151.2
2024-03-10 07:20:00,185.1
2024-03-10 07:30:00,223.6
2024-03-10 07:40:00,261.7
2024-03-10 07:50:00,302.0
2024-03-10 08:00:00,343.9
2024-03-10 08:10:00,380.2
2024-03-10 08:20:00,418.8
2024-03-10 08:30:00,452.6
2024-03-10 08:40:00,484.2
2024-03-10 08:50:00,519.2
2024-03-10 09:00:00,556.9
2024-03-10 09:10:00,586.9
2024-03-10 09:20:00,620.7
2024-03-10 09:30:00,645.1
2024-03-10 09:40:00,675.0
2024-03-10 09:50:00,712.2
2024-03-10 10:00:00,746.0
2024-03-10 10:10:00,770.5
2024-03-10 10:20:00,793.0
2024-03-10 10:30:00,817.0
2024-03-10 10:40:00,836.0
2024-03-10 10:50:00,853.0
2024-03-10 11:00:00,870.0
2024-03-10 11:10:00,886.0
2024-03-10 11:20:00,899.0
2024-03-10 11:30:00,911.0
2024-03-10 11:40:00,917.0
2024-03-10 11:50:00,925.0
2024-03-10 12:00:00,925.0
2024-03-10 12:10:00,946.0
2024-03-10 12:20:00,425.2
2024-03-10 12:30:00,936.0
2024-03-10 12:40:00,939.0
2024-03-10 12:50:00,928.0
2024-03-10 13:00:00,912.0
2024-03-10 13:10:00,913.0
2024-03-10 13:20:00,892.0
2024-03-10 13:30:00,888.0
2024-03-10 13:40:00,886.0
2024-03-10 13:50:00,835.0
2024-03-10 14:00:00,828.0
2024-03-10 14:10:00,809.0
2024-03-10 14:20:00,782.7
2024-03-10 14:30:00,771.4
2024-03-10 14:40:00,768.7
2024-03-10 14:50:00,570.8
2024-03-10 15:00:00,696.1
2024-03-10 15:10:00,177.2
2024-03-10 15:20:00,635.0
2024-03-10 15:30:00,117.5
2024-03-10 15:40:00,136.6
2024-03-10 15:50:00,123.4
2024-03-10 16:00:00,129.1
2024-03-10 16:10:00,139.6
2024-03-10 16:20:00,108.2
2024-03-10 16:30:00,64.61
2024-03-10 16:40:00,12.93
2024-03-10 16:50:00,5.358
2024-03-10 17:00:00,0.808
2024-03-10 17:10:00,0.343
2024-03-10 17:20:00,0.357
2024-03-10 17:30:00,0.421
2024-03-10 17:40:00,0.364
2024-03-10 17:50:00,0.414
2024-03-10 18:00:00,0.299
2024-03-10 18:10:00,0.258
2024-03-10 18:20:00,0.182
2024-03-10 18:30:00,0.064
2024-03-10 18:40:00,0.01
2024-03-10 18:50:00,0.002
2024-03-10 19:00:00,0.0
2024-03-10 19:10:00,0.0
2024-03-10 19:20:00,0.0
2024-03-10 19:30:00,0.0
2024-03-10 19:40:00,0.0
2024-03-10 19:50:00,0.0
2024-03-10 20:00:00,0.0
2024-03-10 20:10:00,0.0
2024-03-10 20:20:00,0.0
2024-03-10 20:30:00,0.0
2024-03-10 20:40:00,0.0
2024-03-10 20:50:00,0.0
2024-03-10 21:00:00,0.0
2024-03-10 21:10:00,0.0
2024-03-10 21:20:00,0.0
2024-03-10 21:30:00,0.001
2024-03-10 21:40:00,0.0
2024-03-10 21:50:00,0.0
2024-03-10 22:00:00,0.0
2024-03-10 22:10:00,0.0
2024-03-10 22:20:00,0.0
2024-03-10 22:30:00,0.0
2024-03-10 22:40:00,0.001
2024-03-10 22:50:00,0.0
2024-03-10 23:00:00,0.0
2024-03-10 23:10:00,0.0
2024-03-10 23:20:00,0.0
2024-03-10 23:30:00,0.0
2024-03-10 23:40:00,0.0
2024-03-10 23:50:00,0.0
2024-03-11 00:00:00,0.0
2024-03-11 00:10:00,0.0
2024-03-11 00:20:00,0.0
2024-03-11 00:30:00,0.0
2024-03-11 00:40:00,0.0
2024-03-11 00:50:00,0.001
2024-03-11 01:00:00,0.0
2024-03-11 01:10:00,0.0
2024-03-11 01:20:00,0.0
2024-03-11 01:30:00,0.0
2024-03-11 01:40:00,0.0
2024-03-11 01:50:00,0.0
2024-03-11 02:00:00,0.0
2024-03-11 02:10:00,0.0
2024-03-11 02:20:00,0.0
2024-03-11 02:30:00,0.0
2024-03-11 02:40:00,0.0
2024-03-11 02:50:00,0.0
2024-03-11 03:00:00,0.0
2024-03-11 03:10:00,0.0
2024-03-11 03:20:00,0.0
2024-03-11 03:30:00,0.0
2024-03-11 03:40:00,0.0
2024-03-11 03:50:00,0.001
2024-03-11 04:00:00,0.0
2024-03-11 04:10:00,0.0
2024-03-11 04:20:00,0.0
2024-03-11 04:30:00,0.0
2024-03-11 04:40:00,0.0
2024-03-11 04:50:00,0.0
2024-03-11 05:00:00,0.0
2024-03-11 05:10:00,0.0
2024-03-11 05:20:00,0.0
2024-03-11 05:30:00,0.0
2024-03-11 05:40:00,0.016
2024-03-11 05:50:00,0.268
2024-03-11 06:00:00,1.623
2024-03-11 06:10:00,4.577
2024-03-11 06:20:00,12.26
2024-03-11 06:30:00,24.72
2024-03-11 06:40:00,39.01
2024-03-11 06:50:00,106.0
2024-03-11 07:00:00,145.0
2024-03-11 07:10:00,174.9
2024-03-11 07:20:00,213.1
2024-03-11 07:30:00,265.2
2024-03-11 07:40:00,308.6
2024-03-11 07:50:00,347.1
2024-03-11 08:00:00,391.0
2024-03-11 08:10:00,417.7
2024-03-11 08:20:00,456.3
2024-03-11 08:30:00,477.2
2024-03-11 08:40:00,506.1
2024-03-11 08:50:00,535.0
2024-03-11 09:00:00,569.1
2024-03-11 09:10:00,603.9
2024-03-11 09:20:00,634.6
2024-03-11 09:30:00,660.7
2024-03-11 09:40:00,705.3
2024-03-11 09:50:00,734.0
2024-03-11 10:00:00,762.0
2024-03-11 10:10:00,788.9
2024-03-11 10:20:00,806.0
2024-03-11 10:30:00,835.0
2024-03-11 10:40:00,857.0
2024-03-11 10:50:00,865.0
2024-03-11 11:00:00,885.0
2024-03-11 11:10:00,919.0
2024-03-11 11:20:00,906.0
2024-03-11 11:30:00,931.0
2024-03-11 11:40:00,943.0
2024-03-11 11:50:00,953.0
2024-03-11 12:00:00,965.0
2024-03-11 12:10:00,964.0
2024-03-11 12:20:00,958.0
2024-03-11 12:30:00,961.0
2024-03-11 12:40:00,1023.0
2024-03-11 12:50:00,957.0
2024-03-11 13:00:00,944.0
2024-03-11 13:10:00,167.6
2024-03-11 13:20:00,919.0
2024-03-11 13:30:00,923.0
2024-03-11 13:40:00,899.0
2024-03-11 13:50:00,886.0
2024-03-11 14:00:00,868.0
2024-03-11 14:10:00,856.0
2024-03-11 14:20:00,839.0
2024-03-11 14:30:00,794.3
2024-03-11 14:40:00,763.8
2024-03-11 14:50:00,733.5
2024-03-11 15:00:00,706.8
2024-03-11 15:10:00,675.7
2024-03-11 15:20:00,640.0
2024-03-11 15:30:00,604.7
2024-03-11 15:40:00,565.3
2024-03-11 15:50:00,523.9
2024-03-11 16:00:00,487.8
2024-03-11 16:10:00,66.36
2024-03-11 16:20:00,62.3
2024-03-11 16:30:00,59.12
2024-03-11 16:40:00,54.57
2024-03-11 16:50:00,51.13
2024-03-11 17:00:00,47.94
2024-03-11 17:10:00,47.47
2024-03-11 17:20:00,166.8
2024-03-11 17:30:00,33.75
2024-03-11 17:40:00,97.2
2024-03-11 17:50:00,67.34
2024-03-11 18:00:00,16.71
2024-03-11 18:10:00,10.86
2024-03-11 18:20:00,5.506
2024-03-11 18:30:00,1.886
2024-03-11 18:40:00,0.277
2024-03-11 18:50:00,0.017
2024-03-11 19:00:00,0.0
2024-03-11 19:10:00,0.002
2024-03-11 19:20:00,0.0
2024-03-11 19:30:00,0.0
2024-03-11 19:40:00,0.0
2024-03-11 19:50:00,0.0
2024-03-11 20:00:00,0.0
2024-03-11 20:10:00,0.001
2024-03-11 20:20:00,0.0
2024-03-11 20:30:00,0.003
2024-03-11 20:40:00,0.003
2024-03-11 20:50:00,0.001
2024-03-11 21:00:00,0.0
2024-03-11 21:10:00,0.0
2024-03-11 21:20:00,0.0
2024-03-11 21:30:00,0.0
2024-03-11 21:40:00,0.003
2024-03-11 21:50:00,0.0
2024-03-11 22:00:00,0.002
2024-03-11 22:10:00,0.0
2024-03-11 22:20:00,0.0
2024-03-11 22:30:00,0.0
2024-03-11 22:40:00,0.0
2024-03-11 22:50:00,0.0
2024-03-11 23:00:00,0.0
2024-03-11 23:10:00,0.0
2024-03-11 23:20:00,0.0
2024-03-11 23:30:00,0.0
2024-03-11 23:40:00,0.001
2024-03-11 23:50:00,0.0
2024-03-12 00:00:00,0.0
2024-03-12 00:10:00,0.0
2024-03-12 00:20:00,0.0
2024-03-12 00:30:00,0.0
2024-03-12 00:40:00,0.0
2024-03-12 00:50:00,0.0
2024-03-12 01:00:00,0.0
2024-03-12 01:10:00,0.0
2024-03-12 01:20:00,0.0
2024-03-12 01:30:00,0.0
2024-03-12 01:40:00,0.0
2024-03-12 01:50:00,0.0
2024-03-12 02:00:00,0.0
2024-03-12 02:10:00,0.0
2024-03-12 02:20:00,0.0
2024-03-12 02:30:00,0.0
2024-03-12 02:40:00,0.0
2024-03-12 02:50:00,0.0
2024-03-12 03:00:00,0.0
2024-03-12 03:10:00,0.0
2024-03-12 03:20:00,0.0
2024-03-12 03:30:00,0.001
2024-03-12 03:40:00,0.0
2024-03-12 03:50:00,0.0
2024-03-12 04:00:00,0.0
2024-03-12 04:10:00,0.0
2024-03-12 04:20:00,0.0
2024-03-12 04:30:00,0.0
2024-03-12 04:40:00,0.0
2024-03-12 04:50:00,0.0
2024-03-12 05:00:00,0.0
2024-03-12 05:10:00,0.0
2024-03-12 05:20:00,0.0
2024-03-12 05:30:00,0.0
2024-03-12 05:40:00,0.003
2024-03-12 05:50:00,0.1
2024-03-12 06:00:00,1.021
2024-03-12 06:10:00,3.353
2024-03-12 06:20:00,11.58
2024-03-12 06:30:00,17.38
2024-03-12 06:40:00,23.29
2024-03-12 06:50:00,105.6
2024-03-12 07:00:00,144.7
2024-03-12 07:10:00,192.5
2024-03-12 07:20:00,209.5
2024-03-12 07:30:00,274.9
2024-03-12 07:40:00,316.7
2024-03-12 07:50:00,306.2
2024-03-12 08:00:00,436.9
2024-03-12 08:10:00,485.2
2024-03-12 08:20:00,486.1
2024-03-12 08:30:00,507.5
2024-03-12 08:40:00,530.0
2024-03-12 08:50:00,559.5
2024-03-12 09:00:00,599.0
2024-03-12 09:10:00,627.9
2024-03-12 09:20:00,670.9
2024-03-12 09:30:00,681.8
2024-03-12 09:40:00,768.3
2024-03-12 09:50:00,622.3
2024-03-12 10:00:00,709.8
2024-03-12 10:10:00,555.0
2024-03-12 10:20:00,643.7
2024-03-12 10:30:00,783.6
2024-03-12 10:40:00,503.8
2024-03-12 10:50:00,961.0
2024-03-12 11:00:00,745.2
2024-03-12 11:10:00,291.6
2024-03-12 11:20:00,440.7
2024-03-12 11:30:00,1043.0
2024-03-12 11:40:00,742.2
2024-03-12 11:50:00,972.0
2024-03-12 12:00:00,983.0
2024-03-12 12:10:00,998.0
2024-03-12 12:20:00,976.0
2024-03-12 12:30:00,973.0
2024-03-12 12:40:00,969.0
2024-03-12 12:50:00,961.0
2024-03-12 13:00:00,952.0
2024-03-12 13:10:00,942.0
2024-03-12 13:20:00,922.0
2024-03-12 13:30:00,914.0
2024-03-12 13:40:00,889.0
2024-03-12 13:50:00,885.0
2024-03-12 14:00:00,889.0
2024-03-12 14:10:00,483.3
2024-03-12 14:20:00,624.8
2024-03-12 14:30:00,767.1
2024-03-12 14:40:00,687.2
2024-03-12 14:50:00,772.3
2024-03-12 15:00:00,474.0
2024-03-12 15:10:00,751.4
2024-03-12 15:20:00,697.8
2024-03-12 15:30:00,247.3
2024-03-12 15:40:00,390.9
2024-03-12 15:50:00,350.4
2024-03-12 16:00:00,395.1
2024-03-12 16:10:00,184.0
2024-03-12 16:20:00,201.9
2024-03-12 16:30:00,183.3
2024-03-12 16:40:00,166.2
2024-03-12 16:50:00,151.6
2024-03-12 17:00:00,123.0
2024-03-12 17:10:00,118.7
2024-03-12 17:20:00,165.1
2024-03-12 17:30:00,90.2
2024-03-12 17:40:00,79.38
2024-03-12 17:50:00,66.63
2024-03-12 18:00:00,24.53
2024-03-12 18:10:00,12.02
2024-03-12 18:20:00,5.58
2024-03-12 18:30:00,3.905
2024-03-12 18:40:00,0.248
2024-03-12 18:50:00,0.016
2024-03-12 19:00:00,0.001
2024-03-12 19:10:00,0.0
2024-03-12 19:20:00,0.0
2024-03-12 19:30:00,0.0
2024-03-12 19:40:00,0.0
2024-03-12 19:50:00,0.0
2024-03-12 20:00:00,0.0
2024-03-12 20:10:00,0.0
2024-03-12 20:20:00,0.0
2024-03-12 20:30:00,0.0
2024-03-12 20:40:00,0.0
2024-03-12 20:50:00,0.0
2024-03-12 21:00:00,0.0
2024-03-12 21:10:00,0.002
2024-03-12 21:20:00,0.0
2024-03-12 21:30:00,0.0
2024-03-12 21:40:00,0.0
2024-03-12 21:50:00,0.0
2024-03-12 22:00:00,0.0
2024-03-12 22:10:00,0.002
2024-03-12 22:20:00,0.0
2024-03-12 22:30:00,0.0
2024-03-12 22:40:00,0.0
2024-03-12 22:50:00,0.0
2024-03-12 23:00:00,0.0
2024-03-12 23:10:00,0.0
2024-03-12 23:20:00,0.0
2024-03-12 23:30:00,0.0
2024-03-12 23:40:00,0.0
2024-03-12 23:50:00,0.0
2024-03-13 00:00:00,0.0
2024-03-13 00:10:00,0.0
2024-03-13 00:20:00,0.0
2024-03-13 00:30:00,0.0
2024-03-13 00:40:00,0.0
2024-03-13 00:50:00,0.0
2024-03-13 01:00:00,0.0
2024-03-13 01:10:00,0.0
2024-03-13 01:20:00,0.0
2024-03-13 01:30:00,0.0
2024-03-13 01:40:00,0.0
2024-03-13 01:50:00,0.0
2024-03-13 02:00:00,0.0
2024-03-13 02:10:00,0.0
2024-03-13 02:20:00,0.0
2024-03-13 02:30:00,0.0
2024-03-13 02:40:00,0.0
2024-03-13 02:50:00,0.0
2024-03-13 03:00:00,0.001
2024-03-13 03:10:00,0.0
2024-03-13 03:20:00,0.0
2024-03-13 03:30:00,0.0
2024-03-13 03:40:00,0.0
2024-03-13 03:50:00,0.0
2024-03-13 04:00:00,0.0
2024-03-13 04:10:00,0.0
2024-03-13 04:20:00,0.0
2024-03-13 04:30:00,0.0
2024-03-13 04:40:00,0.0
2024-03-13 04:50:00,0.0
2024-03-13 05:00:00,0.0
2024-03-13 05:10:00,0.0
2024-03-13 05:20:00,0.0
2024-03-13 05:30:00,0.0
2024-03-13 05:40:00,0.001
2024-03-13 05:50:00,0.049
2024-03-13 06:00:00,0.537
2024-03-13 06:10:00,1.815
2024-03-13 06:20:00,4.131
2024-03-13 06:30:00,9.59
2024-03-13 06:40:00,16.93
2024-03-13 06:50:00,31.13
2024-03-13 07:00:00,28.15
2024-03-13 07:10:00,75.23
2024-03-13 07:20:00,84.2
2024-03-13 07:30:00,145.1
2024-03-13 07:40:00,275.8
2024-03-13 07:50:00,274.5
2024-03-13 08:00:00,369.6
2024-03-13 08:10:00,418.1
2024-03-13 08:20:00,426.0
2024-03-13 08:30:00,436.1
2024-03-13 08:40:00,506.9
2024-03-13 08:50:00,550.1
2024-03-13 09:00:00,497.1
2024-03-13 09:10:00,543.0
2024-03-13 09:20:00,657.2
2024-03-13 09:30:00,667.4
2024-03-13 09:40:00,694.1
2024-03-13 09:50:00,719.4
2024-03-13 10:00:00,736.2
2024-03-13 10:10:00,758.8
2024-03-13 10:20:00,775.7
2024-03-13 10:30:00,803.0
2024-03-13 10:40:00,824.0
2024-03-13 10:50:00,870.0
2024-03-13 11:00:00,870.0
2024-03-13 11:10:00,879.0
2024-03-13 11:20:00,895.0
2024-03-13 11:30:00,900.0
2024-03-13 11:40:00,910.0
2024-03-13 11:50:00,917.0
2024-03-13 12:00:00,917.0
2024-03-13 12:10:00,908.0
2024-03-13 12:20:00,889.0
2024-03-13 12:30:00,889.0
2024-03-13 12:40:00,900.0
2024-03-13 12:50:00,844.0
2024-03-13 13:00:00,866.0
2024-03-13 13:10:00,884.0
2024-03-13 13:20:00,887.0
2024-03-13 13:30:00,873.0
2024-03-13 13:40:00,866.0
2024-03-13 13:50:00,847.0
2024-03-13 14:00:00,837.0
2024-03-13 14:10:00,781.7
2024-03-13 14:20:00,123.0
2024-03-13 14:30:00,768.3
2024-03-13 14:40:00,263.3
2024-03-13 14:50:00,699.2
2024-03-13 15:00:00,665.0
2024-03-13 15:10:00,623.2
2024-03-13 15:20:00,586.4
2024-03-13 15:30:00,547.4
2024-03-13 15:40:00,560.1
2024-03-13 15:50:00,617.7
2024-03-13 16:00:00,180.4
2024-03-13 16:10:00,110.9
2024-03-13 16:20:00,89.2
2024-03-13 16:30:00,62.85
2024-03-13 16:40:00,100.7
2024-03-13 16:50:00,73.59
2024-03-13 17:00:00,85.3
2024-03-13 17:10:00,118.8
2024-03-13 17:20:00,154.8
2024-03-13 17:30:00,82.8
2024-03-13 17:40:00,144.7
2024-03-13 17:50:00,27.36
2024-03-13 18:00:00,15.6
2024-03-13 18:10:00,9.47
2024-03-13 18:20:00,3.47
2024-03-13 18:30:00,1.132
2024-03-13 18:40:00,0.146
2024-03-13 18:50:00,0.011
2024-03-13 19:00:00,0.0
2024-03-13 19:10:00,0.0
2024-03-13 19:20:00,0.0
2024-03-13 19:30:00,0.0
2024-03-13 19:40:00,0.0
2024-03-13 19:50:00,0.0
2024-03-13 20:00:00,0.0
2024-03-13 20:10:00,0.0
2024-03-13 20:20:00,0.002
2024-03-13 20:30:00,0.0
2024-03-13 20:40:00,0.0
2024-03-13 20:50:00,0.0
2024-03-13 21:00:00,0.002
2024-03-13 21:10:00,0.0
2024-03-13 21:20:00,0.0
2024-03-13 21:30:00,0.0
2024-03-13 21:40:00,0.0
2024-03-13 21:50:00,0.0
2024-03-13 22:00:00,0.0
2024-03-13 22:10:00,0.0
2024-03-13 22:20:00,0.0
2024-03-13 22:30:00,0.0
2024-03-13 22:40:00,0.0
2024-03-13 22:50:00,0.0
2024-03-13 23:00:00,0.0
2024-03-13 23:10:00,0.0
2024-03-13 23:20:00,0.0
2024-03-13 23:30:00,0.0
2024-03-13 23:40:00,0.0
2024-03-13 23:50:00,0.0
2024-03-14 00:00:00,0.0
2024-03-14 00:10:00,0.0
2024-03-14 00:20:00,0.0
2024-03-14 00:30:00,0.0
2024-03-14 00:40:00,0.0
2024-03-14 00:50:00,0.0
2024-03-14 01:00:00,0.0
2024-03-14 01:10:00,0.0
2024-03-14 01:20:00,0.0
2024-03-14 01:30:00,0.002
2024-03-14 01:40:00,0.0
2024-03-14 01:50:00,0.0
2024-03-14 02:00:00,0.0
2024-03-14 02:10:00,0.0
2024-03-14 02:20:00,0.0
2024-03-14 02:30:00,0.0
2024-03-14 02:40:00,0.0
2024-03-14 02:50:00,0.0
2024-03-14 03:00:00,0.0
2024-03-14 03:10:00,0.0
2024-03-14 03:20:00,0.0
2024-03-14 03:30:00,0.0
2024-03-14 03:40:00,0.0
2024-03-14 03:50:00,0.0
2024-03-14 04:00:00,0.0
2024-03-14 04:10:00,0.0
2024-03-14 04:20:00,0.0
2024-03-14 04:30:00,0.0
2024-03-14 04:40:00,0.0
2024-03-14 04:50:00,0.0
2024-03-14 05:00:00,0.0
2024-03-14 05:10:00,0.0
2024-03-14 05:20:00,0.0
2024-03-14 05:30:00,0.0
2024-03-14 05:40:00,0.003
2024-03-14 05:50:00,0.063
2024-03-14 06:00:00,0.896
2024-03-14 06:10:00,3.496
2024-03-14 06:20:00,6.354
2024-03-14 06:30:00,15.28
2024-03-14 06:40:00,28.85
2024-03-14 06:50:00,32.02
2024-03-14 07:00:00,36.26
2024-03-14 07:10:00,27.55
2024-03-14 07:20:00,23.46
2024-03-14 07:30:00,34.91
2024-03-14 07:40:00,75.56
2024-03-14 07:50:00,101.1
2024-03-14 08:00:00,56.89
2024-03-14 08:10:00,87.9
2024-03-14 08:20:00,89.9
2024-03-14 08:30:00,556.6
2024-03-14 08:40:00,195.1
2024-03-14 08:50:00,197.2
2024-03-14 09:00:00,104.4
2024-03-14 09:10:00,630.2
2024-03-14 09:20:00,654.2
2024-03-14 09:30:00,685.7
2024-03-14 09:40:00,720.8
2024-03-14 09:50:00,735.9
2024-03-14 10:00:00,764.1
2024-03-14 10:10:00,830.0
2024-03-14 10:20:00,430.8
2024-03-14 10:30:00,834.0
2024-03-14 10:40:00,859.0
2024-03-14 10:50:00,879.0
2024-03-14 11:00:00,899.0
2024-03-14 11:10:00,909.0
2024-03-14 11:20:00,921.0
2024-03-14 11:30:00,942.0
2024-03-14 11:40:00,949.0
2024-03-14 11:50:00,945.0
2024-03-14 12:00:00,960.0
2024-03-14 12:10:00,963.0
2024-03-14 12:20:00,963.0
2024-03-14 12:30:00,958.0
2024-03-14 12:40:00,949.0
2024-03-14 12:50:00,950.0
2024-03-14 13:00:00,948.0
2024-03-14 13:10:00,938.0
2024-03-14 13:20:00,923.0
2024-03-14 13:30:00,906.0
2024-03-14 13:40:00,885.0
2024-03-14 13:50:00,862.0
2024-03-14 14:00:00,859.0
2024-03-14 14:10:00,839.0
2024-03-14 14:20:00,848.0
2024-03-14 14:30:00,836.0
2024-03-14 14:40:00,98.9
2024-03-14 14:50:00,780.0
2024-03-14 15:00:00,735.8
2024-03-14 15:10:00,731.3
2024-03-14 15:20:00,665.8
2024-03-14 15:30:00,599.2
2024-03-14 15:40:00,583.3
2024-03-14 15:50:00,517.3
2024-03-14 16:00:00,324.7
2024-03-14 16:10:00,66.76
2024-03-14 16:20:00,61.74
2024-03-14 16:30:00,57.03
2024-03-14 16:40:00,52.99
2024-03-14 16:50:00,49.28
2024-03-14 17:00:00,44.84
2024-03-14 17:10:00,40.58
2024-03-14 17:20:00,36.57
2024-03-14 17:30:00,42.35
2024-03-14 17:40:00,23.45
2024-03-14 17:50:00,61.92
2024-03-14 18:00:00,14.44
2024-03-14 18:10:00,9.6
2024-03-14 18:20:00,5.099
2024-03-14 18:30:00,1.454
2024-03-14 18:40:00,0.247
2024-03-14 18:50:00,0.003
2024-03-14 19:00:00,0.0
2024-03-14 19:10:00,0.0
2024-03-14 19:20:00,0.0
2024-03-14 19:30:00,0.0
2024-03-14 19:40:00,0.0
2024-03-14 19:50:00,0.0
2024-03-14 20:00:00,0.0
2024-03-14 20:10:00,0.0
2024-03-14 20:20:00,0.0
2024-03-14 20:30:00,0.0
2024-03-14 20:40:00,0.0
2024-03-14 20:50:00,0.0
2024-03-14 21:00:00,0.0
2024-03-14 21:10:00,0.0
2024-03-14 21:20:00,0.0
2024-03-14 21:30:00,0.0
2024-03-14 21:40:00,0.0
2024-03-14 21:50:00,0.0
2024-03-14 22:00:00,0.0
2024-03-14 22:10:00,0.0
2024-03-14 22:20:00,0.0
2024-03-14 22:30:00,0.0
2024-03-14 22:40:00,0.0
2024-03-14 22:50:00,0.0
2024-03-14 23:00:00,0.0
2024-03-14 23:10:00,0.0
2024-03-14 23:20:00,0.0
2024-03-14 23:30:00,0.0
2024-03-14 23:40:00,0.0
2024-03-14 23:50:00,0.0
2024-03-15 00:00:00,0.0
2024-03-15 00:10:00,0.0
2024-03-15 00:20:00,0.0
2024-03-15 00:30:00,0.0
2024-03-15 00:40:00,0.0
2024-03-15 00:50:00,0.0
2024-03-15 01:00:00,0.0
2024-03-15 01:10:00,0.0
2024-03-15 01:20:00,0.0
2024-03-15 01:30:00,0.0
2024-03-15 01:40:00,0.0
2024-03-15 01:50:00,0.0
2024-03-15 02:00:00,0.0
2024-03-15 02:10:00,0.0
2024-03-15 02:20:00,0.0
2024-03-15 02:30:00,0.0
2024-03-15 02:40:00,0.0
2024-03-15 02:50:00,0.0
2024-03-15 03:00:00,0.0
2024-03-15 03:10:00,0.0
2024-03-15 03:20:00,0.0
2024-03-15 03:30:00,0.0
2024-03-15 03:40:00,0.0
2024-03-15 03:50:00,0.0
2024-03-15 04:00:00,0.0
2024-03-15 04:10:00,0.0
2024-03-15 04:20:00,0.0
2024-03-15 04:30:00,0.0
2024-03-15 04:40:00,0.0
2024-03-15 04:50:00,0.0
2024-03-15 05:00:00,0.0
2024-03-15 05:10:00,0.0
2024-03-15 05:20:00,0.0
2024-03-15 05:30:00,0.0
2024-03-15 05:40:00,0.0
2024-03-15 05:50:00,0.111
2024-03-15 06:00:00,0.534
2024-03-15 06:10:00,1.372
2024-03-15 06:20:00,1.643
2024-03-15 06:30:00,2.102
2024-03-15 06:40:00,8.95
2024-03-15 06:50:00,11.55
2024-03-15 07:00:00,16.99
2024-03-15 07:10:00,16.37
2024-03-15 07:20:00,25.5
2024-03-15 07:30:00,77.22
2024-03-15 07:40:00,55.88
2024-03-15 07:50:00,50.76
2024-03-15 08:00:00,43.97
2024-03-15 08:10:00,109.8
2024-03-15 08:20:00,98.5
2024-03-15 08:30:00,56.05
2024-03-15 08:40:00,148.8
2024-03-15 08:50:00,125.5
2024-03-15 09:00:00,109.4
2024-03-15 09:10:00,160.6
2024-03-15 09:20:00,149.9
2024-03-15 09:30:00,155.5
2024-03-15 09:40:00,218.7
2024-03-15 09:50:00,214.4
2024-03-15 10:00:00,357.5
2024-03-15 10:10:00,286.7
2024-03-15 10:20:00,343.8
2024-03-15 10:30:00,297.3
2024-03-15 10:40:00,338.4
2024-03-15 10:50:00,235.2
2024-03-15 11:00:00,344.1
2024-03-15 11:10:00,277.2
2024-03-15 11:20:00,291.3
2024-03-15 11:30:00,718.9
2024-03-15 11:40:00,262.6
2024-03-15 11:50:00,253.4
2024-03-15 12:00:00,226.8
2024-03-15 12:10:00,263.8
2024-03-15 12:20:00,281.6
2024-03-15 12:30:00,324.2
2024-03-15 12:40:00,281.3
2024-03-15 12:50:00,174.5
2024-03-15 13:00:00,319.0
2024-03-15 13:10:00,214.5
2024-03-15 13:20:00,184.4
2024-03-15 13:30:00,977.0
2024-03-15 13:40:00,304.1
2024-03-15 13:50:00,147.2
2024-03-15 14:00:00,187.4
2024-03-15 14:10:00,224.8
2024-03-15 14:20:00,174.6
2024-03-15 14:30:00,863.0
2024-03-15 14:40:00,194.7
2024-03-15 14:50:00,792.2
2024-03-15 15:00:00,746.0
2024-03-15 15:10:00,674.3
2024-03-15 15:20:00,631.6
2024-03-15 15:30:00,593.5
2024-03-15 15:40:00,609.0
2024-03-15 15:50:00,537.7
2024-03-15 16:00:00,156.5
2024-03-15 16:10:00,123.0
2024-03-15 16:20:00,70.74
2024-03-15 16:30:00,75.27
2024-03-15 16:40:00,64.9
2024-03-15 16:50:00,59.35
2024-03-15 17:00:00,51.66
2024-03-15 17:10:00,47.12
2024-03-15 17:20:00,39.93
2024-03-15 17:30:00,87.8
2024-03-15 17:40:00,18.55
2024-03-15 17:50:00,13.29
2024-03-15 18:00:00,10.67
2024-03-15 18:10:00,7.789
2024-03-15 18:20:00,4.186
2024-03-15 18:30:00,1.432
2024-03-15 18:40:00,0.159
2024-03-15 18:50:00,0.002
2024-03-15 19:00:00,0.0
2024-03-15 19:10:00,0.0
2024-03-15 19:20:00,0.0
2024-03-15 19:30:00,0.0
2024-03-15 19:40:00,0.0
2024-03-15 19:50:00,0.0
2024-03-15 20:00:00,0.0
2024-03-15 20:10:00,0.0
2024-03-15 20:20:00,0.0
2024-03-15 20:30:00,0.0
2024-03-15 20:40:00,0.0
2024-03-15 20:50:00,0.0
2024-03-15 21:00:00,0.0
2024-03-15 21:10:00,0.0
2024-03-15 21:20:00,0.0
2024-03-15 21:30:00,0.0
2024-03-15 21:40:00,0.0
2024-03-15 21:50:00,0.0
2024-03-15 22:00:00,0.0
2024-03-15 22:10:00,0.0
2024-03-15 22:20:00,0.0
2024-03-15 22:30:00,0.0
2024-03-15 22:40:00,0.0
2024-03-15 22:50:00,0.0
2024-03-15 23:00:00,0.0
2024-03-15 23:10:00,0.0
2024-03-15 23:20:00,0.0
2024-03-15 23:30:00,0.0
2024-03-15 23:40:00,0.0
2024-03-15 23:50:00,0.0
2024-03-16 00:00:00,0.0
2024-03-16 00:10:00,0.0
2024-03-16 00:20:00,0.0
2024-03-16 00:30:00,0.0
2024-03-16 00:40:00,0.0
2024-03-16 00:50:00,0.0
2024-03-16 01:00:00,0.0
2024-03-16 01:10:00,0.0
2024-03-16 01:20:00,0.0
2024-03-16 01:30:00,0.0
2024-03-16 01:40:00,0.0
2024-03-16 01:50:00,0.0
2024-03-16 02:00:00,0.0
2024-03-16 02:10:00,0.0
2024-03-16 02:20:00,0.0
2024-03-16 02:30:00,0.0
2024-03-16 02:40:00,0.0
2024-03-16 02:50:00,0.0
2024-03-16 03:00:00,0.0
2024-03-16 03:10:00,0.0
2024-03-16 03:20:00,0.0
2024-03-16 03:30:00,0.0
2024-03-16 03:40:00,0.0
2024-03-16 03:50:00,0.0
2024-03-16 04:00:00,0.0
2024-03-16 04:10:00,0.0
2024-03-16 04:20:00,0.0
2024-03-16 04:30:00,0.0
2024-03-16 04:40:00,0.0
2024-03-16 04:50:00,0.0
2024-03-16 05:00:00,0.0
2024-03-16 05:10:00,0.0
2024-03-16 05:20:00,0.0
2024-03-16 05:30:00,0.0
2024-03-16 05:40:00,0.0
2024-03-16 05:50:00,0.091
2024-03-16 06:00:00,0.756
2024-03-16 06:10:00,2.414
2024-03-16 06:20:00,6.257
2024-03-16 06:30:00,14.16
2024-03-16 06:40:00,25.23
2024-03-16 06:50:00,26.69
2024-03-16 07:00:00,33.57
2024-03-16 07:10:00,47.61
2024-03-16 07:20:00,79.64
2024-03-16 07:30:00,82.3
2024-03-16 07:40:00,77.19
2024-03-16 07:50:00,100.8
2024-03-16 08:00:00,146.5
2024-03-16 08:10:00,196.6
2024-03-16 08:20:00,590.2
2024-03-16 08:30:00,223.9
2024-03-16 08:40:00,464.5
2024-03-16 08:50:00,320.0
2024-03-16 09:00:00,362.3
2024-03-16 09:10:00,635.1
2024-03-16 09:20:00,641.1
2024-03-16 09:30:00,660.8
2024-03-16 09:40:00,696.4
2024-03-16 09:50:00,718.2
2024-03-16 10:00:00,747.4
2024-03-16 10:10:00,773.9
2024-03-16 10:20:00,797.3
2024-03-16 10:30:00,828.0
2024-03-16 10:40:00,841.0
2024-03-16 10:50:00,863.0
2024-03-16 11:00:00,882.0
2024-03-16 11:10:00,890.0
2024-03-16 11:20:00,914.0
2024-03-16 11:30:00,917.0
2024-03-16 11:40:00,928.0
2024-03-16 11:50:00,937.0
2024-03-16 12:00:00,945.0
2024-03-16 12:10:00,951.0
2024-03-16 12:20:00,947.0
2024-03-16 12:30:00,954.0
2024-03-16 12:40:00,957.0
2024-03-16 12:50:00,929.0
2024-03-16 13:00:00,939.0
2024-03-16 13:10:00,919.0
2024-03-16 13:20:00,912.0
2024-03-16 13:30:00,899.0
2024-03-16 13:40:00,882.0
2024-03-16 13:50:00,868.0
2024-03-16 14:00:00,162.7
2024-03-16 14:10:00,812.0
2024-03-16 14:20:00,761.1
2024-03-16 14:30:00,149.6
2024-03-16 14:40:00,166.7
2024-03-16 14:50:00,692.2
2024-03-16 15:00:00,125.8
2024-03-16 15:10:00,643.1
2024-03-16 15:20:00,588.8
2024-03-16 15:30:00,547.4
2024-03-16 15:40:00,517.3
2024-03-16 15:50:00,489.1
2024-03-16 16:00:00,94.4
2024-03-16 16:10:00,87.1
2024-03-16 16:20:00,77.63
2024-03-16 16:30:00,71.92
2024-03-16 16:40:00,67.89
2024-03-16 16:50:00,37.48
2024-03-16 17:00:00,24.07
2024-03-16 17:10:00,24.03
2024-03-16 17:20:00,34.86
2024-03-16 17:30:00,91.6
2024-03-16 17:40:00,74.64
2024-03-16 17:50:00,29.2
2024-03-16 18:00:00,12.09
2024-03-16 18:10:00,5.869
2024-03-16 18:20:00,2.72
2024-03-16 18:30:00,0.873
2024-03-16 18:40:00,0.086
2024-03-16 18:50:00,0.0
2024-03-16 19:00:00,0.0
2024-03-16 19:10:00,0.0
2024-03-16 19:20:00,0.0
2024-03-16 19:30:00,0.0
2024-03-16 19:40:00,0.0
2024-03-16 19:50:00,0.0
2024-03-16 20:00:00,0.0
2024-03-16 20:10:00,0.0
2024-03-16 20:20:00,0.0
2024-03-16 20:30:00,0.0
2024-03-16 20:40:00,0.0
2024-03-16 20:50:00,0.0
2024-03-16 21:00:00,0.0
2024-03-16 21:10:00,0.0
2024-03-16 21:20:00,0.0
2024-03-16 21:30:00,0.0
2024-03-16 21:40:00,0.0
2024-03-16 21:50:00,0.0
2024-03-16 22:00:00,0.0
2024-03-16 22:10:00,0.0
2024-03-16 22:20:00,0.0
2024-03-16 22:30:00,0.0
2024-03-16 22:40:00,0.0
2024-03-16 22:50:00,0.0
2024-03-16 23:00:00,0.0
2024-03-16 23:10:00,0.0
2024-03-16 23:20:00,0.0
2024-03-16 23:30:00,0.0
2024-03-16 23:40:00,0.0
2024-03-16 23:50:00,0.0
2024-03-17 00:00:00,0.0
2024-03-17 00:10:00,0.0
2024-03-17 00:20:00,0.0
2024-03-17 00:30:00,0.0
2024-03-17 00:40:00,0.0
2024-03-17 00:50:00,0.0
2024-03-17 01:00:00,0.0
2024-03-17 01:10:00,0.0
2024-03-17 01:20:00,0.0
2024-03-17 01:30:00,0.0
2024-03-17 01:40:00,0.0
2024-03-17 01:50:00,0.0
2024-03-17 02:00:00,0.0
2024-03-17 02:10:00,0.0
2024-03-17 02:20:00,0.0
2024-03-17 02:30:00,0.0
2024-03-17 02:40:00,0.0
2024-03-17 02:50:00,0.0
2024-03-17 03:00:00,0.0
2024-03-17 03:10:00,0.0
2024-03-17 03:20:00,0.0
2024-03-17 03:30:00,0.0
2024-03-17 03:40:00,0.0
2024-03-17 03:50:00,0.0
2024-03-17 04:00:00,0.0
2024-03-17 04:10:00,0.0
2024-03-17 04:20:00,0.0
2024-03-17 04:30:00,0.0
2024-03-17 04:40:00,0.0
2024-03-17 04:50:00,0.0
2024-03-17 05:00:00,0.0
2024-03-17 05:10:00,0.0
2024-03-17 05:20:00,0.0
2024-03-17 05:30:00,0.0
2024-03-17 05:40:00,0.0
2024-03-17 05:50:00,0.049
2024-03-17 06:00:00,0.765
2024-03-17 06:10:00,3.705
2024-03-17 06:20:00,9.47
2024-03-17 06:30:00,16.08
2024-03-17 06:40:00,22.77
2024-03-17 06:50:00,86.9
2024-03-17 07:00:00,119.9
2024-03-17 07:10:00,158.0
2024-03-17 07:20:00,205.5
2024-03-17 07:30:00,269.2
2024-03-17 07:40:00,339.1
2024-03-17 07:50:00,398.0
2024-03-17 08:00:00,410.2
2024-03-17 08:10:00,415.1
2024-03-17 08:20:00,424.7
2024-03-17 08:30:00,457.5
2024-03-17 08:40:00,489.0
2024-03-17 08:50:00,522.6
2024-03-17 09:00:00,558.2
2024-03-17 09:10:00,591.9
2024-03-17 09:20:00,624.5
2024-03-17 09:30:00,656.4
2024-03-17 09:40:00,688.5
2024-03-17 09:50:00,716.9
2024-03-17 10:00:00,744.7
2024-03-17 10:10:00,770.1
2024-03-17 10:20:00,801.0
2024-03-17 10:30:00,820.0
2024-03-17 10:40:00,843.0
2024-03-17 10:50:00,860.0
2024-03-17 11:00:00,882.0
2024-03-17 11:10:00,892.0
2024-03-17 11:20:00,904.0
2024-03-17 11:30:00,919.0
2024-03-17 11:40:00,926.0
2024-03-17 11:50:00,933.0
2024-03-17 12:00:00,943.0
2024-03-17 12:10:00,934.0
2024-03-17 12:20:00,944.0
2024-03-17 12:30:00,939.0
2024-03-17 12:40:00,931.0
2024-03-17 12:50:00,933.0
2024-03-17 13:00:00,922.0
2024-03-17 13:10:00,919.0
2024-03-17 13:20:00,911.0
2024-03-17 13:30:00,893.0
2024-03-17 13:40:00,885.0
2024-03-17 13:50:00,862.0
2024-03-17 14:00:00,843.0
2024-03-17 14:10:00,826.0
2024-03-17 14:20:00,799.6
2024-03-17 14:30:00,766.1
2024-03-17 14:40:00,729.4
2024-03-17 14:50:00,695.0
2024-03-17 15:00:00,659.0
2024-03-17 15:10:00,617.7
2024-03-17 15:20:00,595.6
2024-03-17 15:30:00,547.0
2024-03-17 15:40:00,532.4
2024-03-17 15:50:00,486.5
2024-03-17 16:00:00,88.4
2024-03-17 16:10:00,89.9
2024-03-17 16:20:00,89.6
2024-03-17 16:30:00,97.0
2024-03-17 16:40:00,82.4
2024-03-17 16:50:00,78.5
2024-03-17 17:00:00,70.26
2024-03-17 17:10:00,62.75
2024-03-17 17:20:00,55.75
2024-03-17 17:30:00,48.43
2024-03-17 17:40:00,37.28
2024-03-17 17:50:00,27.03
2024-03-17 18:00:00,16.4
2024-03-17 18:10:00,4.747
2024-03-17 18:20:00,1.192
2024-03-17 18:30:00,0.286
2024-03-17 18:40:00,0.022
2024-03-17 18:50:00,0.0
2024-03-17 19:00:00,0.0
2024-03-17 19:10:00,0.0
2024-03-17 19:20:00,0.0
2024-03-17 19:30:00,0.0
2024-03-17 19:40:00,0.0
2024-03-17 19:50:00,0.0
2024-03-17 20:00:00,0.0
2024-03-17 20:10:00,0.0
2024-03-17 20:20:00,0.0
2024-03-17 20:30:00,0.0
2024-03-17 20:40:00,0.0
2024-03-17 20:50:00,0.0
2024-03-17 21:00:00,0.0
2024-03-17 21:10:00,0.0
2024-03-17 21:20:00,0.0
2024-03-17 21:30:00,0.0
2024-03-17 21:40:00,0.0
2024-03-17 21:50:00,0.0
2024-03-17 22:00:00,0.0
2024-03-17 22:10:00,0.0
2024-03-17 22:20:00,0.0
2024-03-17 22:30:00,0.0
2024-03-17 22:40:00,0.0
2024-03-17 22:50:00,0.0
2024-03-17 23:00:00,0.0
2024-03-17 23:10:00,0.0
2024-03-17 23:20:00,0.0
2024-03-17 23:30:00,0.0
2024-03-17 23:40:00,0.0
2024-03-17 23:50:00,0.0
2024-03-18 00:00:00,0.0
2024-03-18 00:10:00,0.0
2024-03-18 00:20:00,0.0
2024-03-18 00:30:00,0.0
2024-03-18 00:40:00,0.0
2024-03-18 00:50:00,0.0
2024-03-18 01:00:00,0.0
2024-03-18 01:10:00,0.0
2024-03-18 01:20:00,0.0
2024-03-18 01:30:00,0.0
2024-03-18 01:40:00,0.0
2024-03-18 01:50:00,0.0
2024-03-18 02:00:00,0.0
2024-03-18 02:10:00,0.0
2024-03-18 02:20:00,0.0
2024-03-18 02:30:00,0.0
2024-03-18 02:40:00,0.0
2024-03-18 02:50:00,0.0
2024-03-18 03:00:00,0.0
2024-03-18 03:10:00,0.0
2024-03-18 03:20:00,0.0
2024-03-18 03:30:00,0.0
2024-03-18 03:40:00,0.0
2024-03-18 03:50:00,0.0
2024-03-18 04:00:00,0.0
2024-03-18 04:10:00,0.0
2024-03-18 04:20:00,0.0
2024-03-18 04:30:00,0.0
2024-03-18 04:40:00,0.0
2024-03-18 04:50:00,0.0
2024-03-18 05:00:00,0.0
2024-03-18 05:10:00,0.0
2024-03-18 05:20:00,0.0
2024-03-18 05:30:00,0.0
2024-03-18 05:40:00,0.0
2024-03-18 05:50:00,0.027
2024-03-18 06:00:00,0.607
2024-03-18 06:10:00,2.973
2024-03-18 06:20:00,12.87
2024-03-18 06:30:00,20.55
2024-03-18 06:40:00,35.77
2024-03-18 06:50:00,39.15
2024-03-18 07:00:00,34.71
2024-03-18 07:10:00,38.28
2024-03-18 07:20:00,49.33
2024-03-18 07:30:00,53.02
2024-03-18 07:40:00,69.93
2024-03-18 07:50:00,56.68
2024-03-18 08:00:00,62.63
2024-03-18 08:10:00,71.26
2024-03-18 08:20:00,65.08
2024-03-18 08:30:00,81.4
2024-03-18 08:40:00,71.13
2024-03-18 08:50:00,76.9
2024-03-18 09:00:00,86.4
2024-03-18 09:10:00,93.2
2024-03-18 09:20:00,225.3
2024-03-18 09:30:00,262.8
2024-03-18 09:40:00,250.9
2024-03-18 09:50:00,243.4
2024-03-18 10:00:00,228.0
2024-03-18 10:10:00,124.5
2024-03-18 10:20:00,138.3
2024-03-18 10:30:00,124.6
2024-03-18 10:40:00,129.6
2024-03-18 10:50:00,164.9
2024-03-18 11:00:00,266.6
2024-03-18 11:10:00,284.4
2024-03-18 11:20:00,223.6
2024-03-18 11:30:00,195.0
2024-03-18 11:40:00,192.0
2024-03-18 11:50:00,240.9
2024-03-18 12:00:00,506.7
2024-03-18 12:10:00,244.0
2024-03-18 12:20:00,669.5
2024-03-18 12:30:00,434.9
2024-03-18 12:40:00,395.8
2024-03-18 12:50:00,672.3
2024-03-18 13:00:00,373.3
2024-03-18 13:10:00,268.4
2024-03-18 13:20:00,498.2
2024-03-18 13:30:00,306.2
2024-03-18 13:40:00,261.1
2024-03-18 13:50:00,233.0
2024-03-18 14:00:00,877.0
2024-03-18 14:10:00,553.9
2024-03-18 14:20:00,692.1
2024-03-18 14:30:00,580.9
2024-03-18 14:40:00,739.5
2024-03-18 14:50:00,774.9
2024-03-18 15:00:00,700.4
2024-03-18 15:10:00,613.8
2024-03-18 15:20:00,581.9
2024-03-18 15:30:00,570.1
2024-03-18 15:40:00,101.2
2024-03-18 15:50:00,519.5
2024-03-18 16:00:00,121.5
2024-03-18 16:10:00,140.9
2024-03-18 16:20:00,77.93
2024-03-18 16:30:00,87.9
2024-03-18 16:40:00,72.23
2024-03-18 16:50:00,63.71
2024-03-18 17:00:00,61.3
2024-03-18 17:10:00,58.07
2024-03-18 17:20:00,44.87
2024-03-18 17:30:00,41.58
2024-03-18 17:40:00,79.88
2024-03-18 17:50:00,39.77
2024-03-18 18:00:00,22.3
2024-03-18 18:10:00,6.332
2024-03-18 18:20:00,1.291
2024-03-18 18:30:00,0.371
2024-03-18 18:40:00,0.026
2024-03-18 18:50:00,0.003
2024-03-18 19:00:00,0.0
2024-03-18 19:10:00,0.0
2024-03-18 19:20:00,0.0
2024-03-18 19:30:00,0.0
2024-03-18 19:40:00,0.003
2024-03-18 19:50:00,0.0
2024-03-18 20:00:00,0.0
2024-03-18 20:10:00,0.001
2024-03-18 20:20:00,0.0
2024-03-18 20:30:00,0.0
2024-03-18 20:40:00,0.001
2024-03-18 20:50:00,0.0
2024-03-18 21:00:00,0.001
2024-03-18 21:10:00,0.0
2024-03-18 21:20:00,0.001
2024-03-18 21:30:00,0.0
2024-03-18 21:40:00,0.001
2024-03-18 21:50:00,0.0
2024-03-18 22:00:00,0.0
2024-03-18 22:10:00,0.001
2024-03-18 22:20:00,0.001
2024-03-18 22:30:00,0.001
2024-03-18 22:40:00,0.002
2024-03-18 22:50:00,0.0
2024-03-18 23:00:00,0.006
2024-03-18 23:10:00,0.002
2024-03-18 23:20:00,0.0
2024-03-18 23:30:00,0.0
2024-03-18 23:40:00,0.001
2024-03-18 23:50:00,0.004
2024-03-19 00:00:00,0.001
2024-03-19 00:10:00,0.0
2024-03-19 00:20:00,0.0
2024-03-19 00:30:00,0.0
2024-03-19 00:40:00,0.0
2024-03-19 00:50:00,0.001
2024-03-19 01:00:00,0.0
2024-03-19 01:10:00,0.0
2024-03-19 01:20:00,0.0
2024-03-19 01:30:00,0.0
2024-03-19 01:40:00,0.0
2024-03-19 01:50:00,0.0
2024-03-19 02:00:00,0.0
2024-03-19 02:10:00,0.0
2024-03-19 02:20:00,0.0
2024-03-19 02:30:00,0.0
2024-03-19 02:40:00,0.0
2024-03-19 02:50:00,0.0
2024-03-19 03:00:00,0.0
2024-03-19 03:10:00,0.0
2024-03-19 03:20:00,0.0
2024-03-19 03:30:00,0.0
2024-03-19 03:40:00,0.0
2024-03-19 03:50:00,0.0
2024-03-19 04:00:00,0.0
2024-03-19 04:10:00,0.001
2024-03-19 04:20:00,0.0
2024-03-19 04:30:00,0.0
2024-03-19 04:40:00,0.0
2024-03-19 04:50:00,0.001
2024-03-19 05:00:00,0.001
2024-03-19 05:10:00,0.0
2024-03-19 05:20:00,0.0
2024-03-19 05:30:00,0.0
2024-03-19 05:40:00,0.004
2024-03-19 05:50:00,0.031
2024-03-19 06:00:00,0.371
2024-03-19 06:10:00,1.604
2024-03-19 06:20:00,6.196
2024-03-19 06:30:00,23.1
2024-03-19 06:40:00,31.05
2024-03-19 06:50:00,47.36
2024-03-19 07:00:00,76.77
2024-03-19 07:10:00,133.5
2024-03-19 07:20:00,98.5
2024-03-19 07:30:00,242.6
2024-03-19 07:40:00,87.9
2024-03-19 07:50:00,62.79
2024-03-19 08:00:00,122.2
2024-03-19 08:10:00,428.5
2024-03-19 08:20:00,468.4
2024-03-19 08:30:00,456.4
2024-03-19 08:40:00,561.4
2024-03-19 08:50:00,306.9
2024-03-19 09:00:00,588.0
2024-03-19 09:10:00,637.0
2024-03-19 09:20:00,430.7
2024-03-19 09:30:00,690.5
2024-03-19 09:40:00,680.5
2024-03-19 09:50:00,761.4
2024-03-19 10:00:00,427.1
2024-03-19 10:10:00,338.7
2024-03-19 10:20:00,475.8
2024-03-19 10:30:00,445.4
2024-03-19 10:40:00,317.2
2024-03-19 10:50:00,358.7
2024-03-19 11:00:00,362.0
2024-03-19 11:10:00,407.7
2024-03-19 11:20:00,492.3
